id,agent名,TEKO链接,体验链接,主导部门,涉及部门,项目经理,项目成员,综合评分,评委建议,特点,技术方案,部门/个人,类别,特色简介,业务价值,有价值评论,缺少字段,是否已评论
19,iDOMO：广告形态智能助手,https://teko.woa.com/event/ai-agent/19,,CDG-广告营销服务线-联盟广告部,CDG-广告营销服务线-联盟广告部,yonhonwang,"miohwang, jogu, pgqin, chenglizhai, nimomeng, kuzliu, vicyanzhang",,,,,,,,,,体验链接,否
21,智绘AI设计工作台,https://teko.woa.com/event/ai-agent/21,https://zha.woa.com/home,CSIG-信息平台与服务线-用户体验设计部,,jundabei,"samjinli, hermanzhang, javinzhong, psychewang",,,,,,,,,,,否
23,黑产智能情报感知系统,https://teko.woa.com/event/ai-agent/23,https://aml-rag.woa.com/,CDG-支付基础平台与金融应用线-反洗钱与风险控制部,,allisonzhao,"droidwen, flintqiu, kerrykli, linfapu, richardliu, yelinzhang, zekaizheng",,,,,,,,,,,否
27,AI 全链路智能测试引擎​,https://teko.woa.com/event/ai-agent/27,,CSIG-CSIG质量部,,zichaohu,"riskli, autumnhe, fxinchen, joycehong, changllliu, huginma, zzlongzhang, maybelchen",,,,,,,,,,体验链接,否
29,腾讯开悟平台,https://teko.woa.com/event/ai-agent/29,,"IEG-天美工作室群-天美L1工作室,S1-腾讯西南总部","TEG-AI平台部,子公司-实娱商管",rikkiliu,"andrewjjlin, fengjunyang, jackiehuang, jamesonwang, konthigali, lincliu, linlai, ozpintang, promengmeng, rikkiliu, yuanqinwang, yufeikuang, zhenbinye, danierdeng, frankshen, hongyangqin, jerrywzhou, jianyuheng, johnycao, jujuuhuang, linhangcai, luistao, staryding, willyang, greyjiang, hugolin, jillffli, kangwkang, phylliszhao, snailcai",,,,,,,,,,体验链接,否
30,Unity快捷资产插件,https://teko.woa.com/event/ai-agent/30,QuickAssetsPanel.unitypackage,IEG-天美工作室群-天美L1工作室,,guangruiwu,guangruiwu,,,,,,,,,,,否
43,智能运维平台,https://teko.woa.com/event/ai-agent/43,,CSIG-云技术运营服务部,,dinglimao,"usherdong, zelaszang, jennyjshi, summyzhao, jayyxxiong, williahuang, dinglimao, zorayyji",,,,,,,,,,体验链接,否
46,审核智能体项目,https://teko.woa.com/event/ai-agent/46,https://trainingless.testsite.woa.com/,PCG-PCG技术与内容平台-内容服务部,,marshao,"alanshchen, aoxiangpeng, behindli, berryding, bonzhu, cathymzhang, chancecheng, cliveclliu, cooperxshi, dlleili, druryxu, evelynppli, fordzhao, gavinjjiang, geminiguan, georgefeng, hannafeng, herbiewang, hillsong, irinali, jamiejia, jarvisluo, jasoncjxcai, jasonxchen, krystalmzhu, lierli, linyinzhou, loongliu, marshao, maxdi, mingdali, minlonglin, nanpanzou, shaowu, skylarkyun, stevenyshi, suhuangfan, susieping, yettazhang, yuyangyin, zenzhong",,,,,,,,,,,否
49,王者营地大模型助手,https://teko.woa.com/event/ai-agent/49,https://camp.qq.com/h5/webdist/redirect-app/index.html,IEG-天美工作室群-天美L1工作室,,pepeli,"dougliu, wyattwdwang, estang, rivercai, leojacklu, alcaidhuang, supeli",,,,,,,,,,,否
52,云手机 AI Agent项目,https://teko.woa.com/event/ai-agent/52,https://autoglm.zhipuai.cn/htdocs/download.html,CSIG-云产品五部,CSIG-云产品五部,hayesli,"hallyang, transcai, johnxwzhang, hayesli",,,,,,,,,,,否
59,电销AI小工具,https://teko.woa.com/event/ai-agent/59,https://adp.cloud.tencent.com/webim_exp/#/chat/SyljAi,CSIG-产业生态合作部,CSIG-政企业务运营中心,harrisxu,"ashleydong, adamycyang, adapi, amyyylin, anyonetang, billi, coffeeguo, dermotwang, elinyi, ellengli, jackwzli, kenjili, lydiahao, mikeli, mikiiwang, milymei, sandyllcai, sherlyhong, v_pfeijiang, v_rutozhang, susiefang",,,,,,,,,,,否
66,自选股智能客服agent,https://teko.woa.com/event/ai-agent/66,,CDG-支付基础平台与金融应用线-证券产品部,子公司-腾卓-证券产品部,qamrawang,"danizhang, moovyyang, jessshen, simpsonyuan, zvazhang",,,,,,,,,,体验链接,否
68,Anknow安知道智能分身平台,https://teko.woa.com/event/ai-agent/68,https://ag.woa.com,CSIG-云产品技术支持部,,keyiding,"brucellu, centonhuang, davidyiwang, divewang, garrizhang, jiaweizdeng, keyiding, kylehuang, tinyyue, titochen, tracyfyzhou, xyxiaohuang",,,,,,,,,,,否
78,联盟前端 SDK AI 助手,https://teko.woa.com/event/ai-agent/78,,CDG-广告营销服务线-联盟广告部,CDG-广告营销服务线-联盟广告部,zuoxingli,"nimomeng, yonhonwang",,,,,,,,,,体验链接,否
81,Vedas智能体,https://teko.woa.com/event/ai-agent/81,https://ai.woa.com/#/vedas/agent/home,PCG-PCG技术与内容平台-大数据平台部,,chasewen,"brucebian, chansonchen, chasewen, christruan, echooguo, elisteryang, erokchen, evanyuchen, guoweiya, hemingwei, lexliang, orlandochen, takawang, walterbai, waynemvsun, winniexli, yunyunqin, zexuanli",,,,,,,,,,,否
83,小磐SREAgent,https://teko.woa.com/event/ai-agent/83,xiaopan.woa.com,TEG-云架构平台部,TEG-云架构平台部,josenpeng,"rosenlsluo, josenpeng, jamyoungliu",,,,,,,,,,,否
84,如影DS智能助手,https://teko.woa.com/event/ai-agent/84,https://zp.woa.com/ruying-chat,PCG-在线视频BU-智能创作与内容平台部,,luciferxu,"darielhuang, emmaguo, gedoyliu, howardhfliu, jasonxchen, leowhzhang, loucasli, luciferxu, peidongliu, qinqlei, vincihuang, xiaohuizhou, yujiazhang, yvanli, yyjyu",,,,,,,,,,,否
85,无极智能开发,https://teko.woa.com/event/ai-agent/85,,PCG-PCG技术与内容平台-应用架构平台部,,vicyao,"dekuliu, iceliang, kanjian, katecjzheng, kiteuwang, luminhuang, lyonlv, maoyiluo, vicyao, vvdenniswu",,,,,,,,,,体验链接,否
92,跨境汇款门店AI数字人,https://teko.woa.com/event/ai-agent/92,,CDG-支付基础平台与金融应用线-跨境支付业务部,"CDG-支付基础平台与金融应用线-支付金融平台与数据部,TEG-多模态模型部",fitzfei,"dustinyang, dddzhang, xmagicwu, stephyli",,,,,,,,,,体验链接,否
93,QQ 成本专家,https://teko.woa.com/event/ai-agent/93,,PCG-社交平台与应用线-社交平台架构中心,,vissong,"simonhao, gavinyao, wunrrywu",,,,,,,,,,体验链接,否
102,AiX Agent,https://teko.woa.com/event/ai-agent/102,https://agent.aix.intlgame.com,IEG-IEG Global-GaaS Tech Group,,hongweiqu,"kiddwang, jijixu, xaviwang, euphrochen, homkerliu, wynterwen, defierzhang, hamorli, hanzoli, kaeming, zhenquanlin, maclerylin",,,,,,,,,,,否
105,AIGC影视后期制作agent,https://teko.woa.com/event/ai-agent/105,,PCG-在线视频BU-智能创作与内容平台部,PCG-PCG技术与内容平台-内容服务部,xinlongsun,,,,,,,,,,,"体验链接, 项目成员",否
108,云产品优化研究分析Agent,https://teko.woa.com/event/ai-agent/108,,CSIG-云产品四部,,atomzhong,"selinaywu, atomzhong, bairdcheng, danaawu, yuzhangdu",,,,,,,,,,体验链接,否
109,利用 AI 高效响应用户反馈,https://teko.woa.com/event/ai-agent/109,,PCG-社交平台与应用线-社交协作产品部,PCG-社交平台与应用线-社交协作产品部,stephantang,"stephantang, joeyguo",,,,,,,,,,体验链接,否
110,Talos智能测试,https://teko.woa.com/event/ai-agent/110,,PCG-社交平台与应用线-社区产品部,,edzhou,"nickxiao, scarlettsun, yuecongxie, edzhou, kaijiawang",,,,,,,,,,体验链接,否
111,CVM AI 助手,https://teko.woa.com/event/ai-agent/111,,CSIG-云产品一部,CSIG-云产品一部,jubaoliang,"kaioji, qitinghuang",,,,,,,,,,体验链接,否
117,DataBrain Agent,https://teko.woa.com/event/ai-agent/117,https://databrain.woa.com/agent,IEG-IEG Global-Data&AI Group,,miamgao,"murphyzhao, zhaofeng, zhaofengliu, asherzhou, boyudi, casseyhan, chandwang, clzhu, deferzhou, donxhuang, evansong, georgefang, haonanli, ivyyfchen, jackysjiang, jasonzxyin, jeffuryzhu, lawsonlv, libearxiong, miamgao, ndzhang, shiweitong, sophiaxwxu, wayneyyyang, wendyyqi, wenyema, xiuyuanxlu, zaitianwang",,,,,,,,,,,否
122,AI助力叙事生成管线提质增效,https://teko.woa.com/event/ai-agent/122,https://git.woa.com/LQTechCentre/ShakespeareEditor/ShakespeareDialogueAIDemo.git,IEG-光子工作室群-光子技术发展部,,aresyfchen,"aresyfchen, dukegu, garygchen, joeytan, kaluozheng, lynnlaw, sianyazhang, snoopyxu, yuxiaoluo",,,,,,,,,,,否
129,旅鹅HotelGPT,https://teko.woa.com/event/ai-agent/129,pages/chatbot/index.html,CSIG-智慧零售战略合作部,,feliciazhu,"greenzou, hazelzizihe, jonyqin, lunraymou, manddoxli, nalajiang, saullli, shafferwang, sterottwang, terryychen, alphacai",,,,,,,,,,,否
130,腾讯开悟平台使用答疑小助手,https://teko.woa.com/event/ai-agent/130,,IEG-天美工作室群-天美电竞中心,,yutoli,,,,,,,,,,,"体验链接, 项目成员",否
131,微信广告ai机器人zaker,https://teko.woa.com/event/ai-agent/131,企业微信机器人搜索Zaker,CDG-广告营销服务线-微信广告部,,zakkzhang,,,,,,,,,,,项目成员,否
134,电销运营提效,https://teko.woa.com/event/ai-agent/134,,CSIG-产业生态合作部,CSIG-政企业务运营中心,coffeeguo,,,,,,,,,,,"体验链接, 项目成员",否
135,人工智能助手-SOP托管,https://teko.woa.com/event/ai-agent/135,https://kfsop.woa.com/agent/#/testSopDialog?flowId=438&code=wzry_ppbmMCP&branchId=1863,TEG-客户服务部,TEG-客户服务部,yyyyan,"alanqiu, amberren, andredeng, aslanzhang, barneszhang, chaseliu, chaycao, chrizhang, cindyyliao, cycleechen, dezhixiang, dickzhou, dragonpzou, eanlin, garyldwang, gisellewang, holgerhuang, jianboduan, jovanwu, katefang, makioliao, maoxiangwei, quentinqian, ranzerzhao, rockpeng, ruthzhang, samuelyou, wellschen, wenlonghe, wufellzheng, yyyyan, zhenmingliu, mandyhu",,,,,,,,,,,否
138,QQ浏览器小说AI-Agent,https://teko.woa.com/event/ai-agent/138,https://tool.browser.qq.com/ai-tools/h5/share?subRobotType=4&shareId=1509a0024ef743a2997ce59e06248c34&useNewInstance=1&uiType=5&nickname=Base&isNovelAgent=1,CSIG-信息平台与服务线-应用技术部,"CSIG-信息平台与服务线-搜索及内容产品中心,CSIG-信息平台与服务线-用户体验设计部,CSIG-搜索应用部,CSIG-信息平台与服务线-平台产品部",basezhang,"ahuxiao, amosjin, arvenwang, basezhang, bokeyqi, brollanli, cammypeng, chelseadu, conorzhang, curychen, daisychen, danieljfeng, ellaxie, fbhuizhao, garrycai, howu, jamsluo, leontiliu, lindongguo, peijiqiu, perryli, ponyli, saallywang, serenashen, stevylu, vickiywchen, vinnyhou, v_jttjiang, v_mxymo, v_zhenlong, whohu, wickchen, willemjiang, xiangkunwu, xingyuliu, xylonzuo, yecoirzhao, yuezhouli, yuxingui, zhefengchen, zhenfujiang",,,,,,,,,,,否
141,家庭教育咨询助手,https://teko.woa.com/event/ai-agent/141,家庭教育咨询助手体验地址,TEG-客户服务部,,lexieluo,"alisdonwang, christosli, eanlin, eggsyliu, harrysosong, jackyqhong, jasonnhuang, lainzhang, miaama, mingxiao, qiulinchen, tenrronelli, ursulawang, adelinehu",,,,,,,,,,,否
143,腾讯卫士举报智能助手,https://teko.woa.com/event/ai-agent/143,,TEG-客户服务部,,soorenzhang,"tenrronelli, lainzhang, jasonnhuang, aeroli, finleyshen",,,,,,,,,,体验链接,否
146,影视素材智能剪辑agent,https://teko.woa.com/event/ai-agent/146,,PCG-在线视频BU-智能创作与内容平台部,PCG-在线视频BU-智能创作与内容平台部,chanzhou,"haydenzhao, skipperji, jakehuang, xiaohuizhou, karlindliu, esmezhang, weizhaohe, jasonxchen",,,,,,,,,,体验链接,否
147,模型实验一体化分析助手Aly,https://teko.woa.com/event/ai-agent/147,,CDG-广告营销服务线-商业推荐部,,vanessacao,"nicolewxu, serenaawang",,,,,,,,,,体验链接,否
148,COS迁移AI工作流,https://teko.woa.com/event/ai-agent/148,,CSIG-智慧行业一部,,leohaosun,"huiye, zehuayang, frankewang, leandu, douglasduan, sekiroguo",85,"1、实用性强
2、技术创新性：采用工作流技术，报告生成部分采用混元，其余都是传统的工作流
3、技术实现性暂无环境可验证",n8n,https://techmap-product-1258344706.file.myqcloud.com/file/6ae4317c-7e87-4029-900e-898d17892a0f.mp4,,,,,,体验链接,否
149,多模态 AI 翻译及应用,https://teko.woa.com/event/ai-agent/149,,IEG-IEG Global-Orbital Gaming Solutions,,wanyouding,philmorenie,95,"1、微调、向量检索、多模态
2、完成度高",,,,,,,,体验链接,否
153,腾讯反诈助手,https://teko.woa.com/event/ai-agent/153,,TEG-客户服务部,"WXG-运营平台部,PCG-社交平台与应用线-社交安全中心",aaronke,"bertonzhou, darrenzhai, lavaliu, davigao, ervinyang, joezhzhou, tangentchen, captainwei, tingtingliu, birdhua, eddyhe, paulxie, superxiao, avazypeng, newzhao, kyoyaxu, trekzhang, miselzhang, rickzqyou, jayycai, harrisonlu, maisieluo, elonqi, jackliang, layneyu, aaronke, tiangao, adelinehu, wiillwang, qiangqiu, alisdonwang, shihaizhang, thewang, yukkiyuan, malayu, carlwen, andreewli, zerobai, opheliafeng, zhiyuanlin, forrestmao, sarahhxie, nokiawu, angelan, mingxiao, lainzhang, tenrronelli, dangedan",,,,,,,,,,体验链接,否
156,商户平台智能开发,https://teko.woa.com/event/ai-agent/156,,WXG-微信支付线-商户产品部,,donaldcen,,,,,,,,,,,"体验链接, 项目成员",否
157,A.I.G红队安全测试平台,https://teko.woa.com/event/ai-agent/157,,TEG-安全平台部,,nickyccwu,"fyoungguo, kikayli, nickyccwu, pythoncheng, robertzyang, rsinding, sharlhuang, simzheng, zoeyizhou, zonashi",,,,,,,,,,体验链接,否
161,AI智享提效工具,https://teko.woa.com/event/ai-agent/161,,CSIG-产业生态合作部,,leqingli,"ziweiiyang, alexeliu, terrazhang, kevinxjjia",,,,,,,,,,体验链接,否
164,AI自动写测试代码,https://teko.woa.com/event/ai-agent/164,,WXG-企业微信应用部,,pennypan,"dangyyan, flyfeihuang",,,,,,,,,,体验链接,否
165,智享AI提效工具,https://teko.woa.com/event/ai-agent/165,https://zhixiang.fn.qq.com/partner/demo,CSIG-产业生态合作部,,alexeliu,"ziweiiyang, leqingli, terrazhang, kevinxjjia",,,,,,,,,,,否
166,悟空AI自动化智能测试平台,https://teko.woa.com/event/ai-agent/166,https://wwwukong.woa.com/Laboratory,WXG-企业微信产品部,,likunhuang,"allysali, janetjiang, raymondfu, vincentwei, melissalu",,,,,,,,,,,否
167,AI智能写信,https://teko.woa.com/event/ai-agent/167,AI智能写信 体验介绍文档,WXG-企业微信应用部,WXG-企业微信产品部,jackiehe,"dylanlv, jennifu, hanrycai, luciouslu, jackiehe",,,,,,,,,,,否
168,LangData-ChatBI,https://teko.woa.com/event/ai-agent/168,https://wedata.woa.com/do;https://llmapp.woa.com/,TEG-机器学习平台部,"WXG-技术架构部,CSIG-云产品二部,CDG-支付基础平台与金融应用线-支付金融平台与数据部,CDG-广告营销服务线-商业运管部,WXG-微信支付线-研发部",daisyqhuang,,,,,,,,,,,项目成员,否
170,AI验证码,https://teko.woa.com/event/ai-agent/170,,TEG-安全平台部,,milahuang,vistahua,,,,,,,,,,体验链接,否
175,智瞳-客户商机分析,https://teko.woa.com/event/ai-agent/175,【模板】智瞳-新客拓展-样例,CSIG-产业生态合作部,CSIG-产业生态合作部,kevinxjjia,"alexeliu, kevinxjjia, leqingli, terrazhang",,,,,,,,,,,否
176,AI驱动风控智能研发,https://teko.woa.com/event/ai-agent/176,,CDG-支付基础平台与金融应用线-反洗钱与风险控制部,,lilyzou,"zhenrandong, nightchliu, jefftan, atugao, johnqliu, richardliu, allisonzhao, pearqin, alonxli, randallsun, vfwei, wolfhwang, robertoxu, mitchellcai, joashhuang, cohnryhuang, zanezzhang, lilyzou, wlingzhang, davosli, xiaofgruan, paveeguo",,,,,,,,,,体验链接,否
177,智投广告投放 AIM+,https://teko.woa.com/event/ai-agent/177,,"CDG-广告营销服务线-商业推荐部,CDG-广告营销服务线-商业平台部",,xinruchen,"allene, dennisyang, nickyhe, rayrzwang, shiyaoxu, sissixwang, stellashyli, xinruchen, yuxuandai, goldenyu",,,,,,,,,,体验链接,否
182,TencentOS智能诊断助手,https://teko.woa.com/event/ai-agent/182,https://tmanager.woa.com/#/workbench/homePage?task_id=261cbd65-a9c8-47a8-bc29-0fb6d7175f65,TEG-云架构平台部,,danielwjli,"berryczhang, ekodong, haifulian, huashionxu, jackmjhuang, joeytao, judyzhu, kevinxhuang, loganlli, markusluo, neowwang, suziechang, wujiwu, danielwjli",90,"1、技术先进性：LLM+agent+MCP
2、本身OS诊断可推广性强，技术框架可推广性待观察",,https://km.woa.com/articles/show/636629,,,,,,,否
184,DeepTest AI后台测试,https://teko.woa.com/event/ai-agent/184,,CSIG-CSIG质量部,CSIG-云产品一部,erweiwang,"dakeliu, yudoyu, plingjiang, kamzhang, hgersun, bobotao, allenyue, shawndyang, peterxiong, kerwinpeng, barrymbxu, hanslwang",,,,,,,,,,体验链接,否
187,OCNET智能运营助手,https://teko.woa.com/event/ai-agent/187,https://knot.woa.com/chat?web_key=bb3fe7dfdd1b4200b3dc3d492f441695,TEG-云架构平台部,,kawsguan,"masonbma, mendeswang, tensorwang",,,,,,,,,,,否
191,文档抽取Agent,https://teko.woa.com/event/ai-agent/191,https://ocrdemo.cloud.tencent.com/?action=SubmitExtractDocAgentJob,CSIG-云产品三部,,benpeng,benpeng,,,,,,,,,,,否
198,AI销售助手,https://teko.woa.com/event/ai-agent/198,,CSIG-智慧出行事业部,,sandrazhang,sandrazhang,,,,,,,,,,体验链接,否
204,证券-问 AI,https://teko.woa.com/event/ai-agent/204,自选股&微证券的“问 AI”入口（产品搜索框右侧“问 AI” 按钮）,CDG-支付基础平台与金融应用线-证券产品部,"CDG-支付基础平台与金融应用线-证券产品部,CDG-支付基础平台与金融应用线-支付金融平台与数据部",macxin,"amyminxu, caitlinchen, carvinli, clarachen, fengbincao, gradyhuang, hunterliang, ikunwang, jensonli, johnyfzhong, kaishi, kenjksong, kikochen, lavenderxie, lucasguoli, macxin, mandyding, moovyyang, noswang, rubenwang, sashalysu, silenchen, sophyang, stockzheng, weiqikang, westhu, yaelliu, yulinqiu, zenoscai, zheliang, arhatliu, benshwu, brookhe, daidaiwu, deniellelin, dockerliu, elanlin, hongyunge, jecklin, jorywang, leontong, lobbyluo, lucaslxu, maplelin, saintwen, sukeychao, tracehuang, wishliu, zeguslu, zhihuasu",,,,,,,,,,,否
209,数据自动化发布助手agent,https://teko.woa.com/event/ai-agent/209,,CSIG-地图平台部,,nicoyanli,"jaymoli, chengjijiao, tarshdong, xiaoyiliao, ruixuezhao",80,1、aotogen框架停止演进，整体用了较多新技术,"1，见文档：昆仑 2.0 功能设计的第5部分功能使用说明
2，前端使用了vue，后端使用了springboot，数据库使用了mysql，AI能力使用了autogen，mcp，fastapi，a2a-sdk，venus（公司内托管mcp的地方）
3，值班、转TAPD、汇总分析的这个框架，对其他业务也是有价值的",昆仑 2.0 功能设计,,,,,,体验链接,否
212,金融信贷态势洞察agent,https://teko.woa.com/event/ai-agent/212,企微群内体验，体验请联系jasonzong,"WXG-微信支付线-研发部,WXG-微信支付线-支付金融产品部",,jasonzong,"skylerlu, jasonzong, anderszhou, rocoliang, leonclwu, regiswang",,,,,,,,,,,否
215,伽利略Agent项目,https://teko.woa.com/event/ai-agent/215,https://j.woa.com/?orgId=tencent&aiAgentOpen=true,PCG-PCG技术与内容平台-应用架构平台部,,petermeng,"alanwzliang, andyning, arfuewu, cheneyhu, daomingwang, dianalin, dragonhe, edwinlan, evilluo, handongliu, huaiyizhao, jaimeyang, javanzhang, jeffjfhe, jeffjhe, jenniezong, jiyvliu, linkswei, luaruan, newtsun, nicklou, paladinhu, petermeng, phoonshen, poppylili, qiyyang, remonxiao, rjxu, ryoji, shangfeding, shawnche, taydai, toraxie, v_ccjunchen, v_xilliu, v_xuejowang, v_xxxuxu, v_yingxqin, yonglijia, zhxinhuang",,,,,,,,,,,否
219,理财通编码与测试提效Agent,https://teko.woa.com/event/ai-agent/219,,CDG-支付基础平台与金融应用线-财富管理部,CDG-支付基础平台与金融应用线-财富管理部,churongliu,"churongliu, funnyren, jasonpeng, kimsu, walkeryang, remyzhang",,,,,,,,,,体验链接,否
220,OlaSQL,https://teko.woa.com/event/ai-agent/220,,PCG-PCG技术与内容平台-大数据平台部,,lizqin,"ceschen, xinyuxyliu, boomhuo, yaweizhao",,,,,,,,,,体验链接,否
226,王者荣耀指挥官模式AI陪玩,https://teko.woa.com/event/ai-agent/226,,"IEG-天美工作室群-天美L1工作室,TEG-AI平台部",,townesyan,"rikilai, fumanzou, xinzhzhang, starkren, reaganli, reeseewang, allenxmzhu, ashinliu, bingojbwu, carlyzchen, casterwang, chadliang, chilynnxie, chunguguo, cyrilxi, danagizhong, danierdeng, davidyychen, dazelu, donyzhang, dougliu, dylanypli, eavangao, enginewang, ericjoewang, estang, francisfeng, frankfhqiu, fridazhu, georgeqiao, gorvinchen, gracesqli, granderyuan, gwanliao, haoxizhong, haskellli, honglinzhu, hongwuchen, howardyuan, huberyxu, ikechen, ivyoodai, jakixu, jigangliu, jimzhanyang, johnsmzhang, jojozhuo, jonnytan, jtzhou, kevinltzhu, leolian, leonfu, leooyliu, linhangcai, linusowang, lucianhuang, lukejguo, lunahyhuang, lunipan, macdeng, maksimwang, mikoyang, moriwang, nanamimo, nicejoeli, paimonzheng, peninahu, pentasu, qingmuliu, rycolzhang, sallensun, scorpiochen, sealqi, seevenyang, shadowping, sicilychen, simbahu, simonfang, skylerliang, staryding, stellaycwu, supeli, sysuzehuawu, vastyao, v_peijiexu, v_tatazhuo, waihinwang, winsterwei, xiangzhuang, xiaofenggao, yiweigong, yogiwu, yohunawu, yongfeiliu, ysunlin, yuchenhe, yujieren, yuntongli, zijianzhang, zimengzhou, zxyeh, heidichen",,,,,,,,,,体验链接,否
231,小O数智员工-经营管理助手,https://teko.woa.com/event/ai-agent/231,,CSIG-业务经营管理部,CSIG-云产品四部,lucazyli,,,,,,,,,,,"体验链接, 项目成员",否
240,更懂你的助手-轻量云AI助手,https://teko.woa.com/event/ai-agent/240,https://console.cloud.tencent.com/lighthouse/instance/index,CSIG-云产品一部,,ceylancao,"beginning, burnellliu, dannykong, kevinchou, pablozhong, verayqwang, yiyyli",,,,,,,,,,,否
248,AI战报,https://teko.woa.com/event/ai-agent/248,,"WXG-增值业务部,WXG-技术架构部",,reggiezhong,,,,,,,,,,,"体验链接, 项目成员",否
251,AI内容评测,https://teko.woa.com/event/ai-agent/251,,PCG-PCG技术与内容平台-工程效能平台部,PCG-在线视频BU-在线视频产品部,tritonzhang,"alphazzhang, canacezhang",,,,,,,,,,体验链接,否
253,智能API助手,https://teko.woa.com/event/ai-agent/253,,CDG-支付基础平台与金融应用线-跨境支付业务部,,zicowu,"qxingwang, stevezhuang, ayanshen, simonsmqin, nickzhuang",,,,,,,,,,体验链接,否
256,开发专家agent,https://teko.woa.com/event/ai-agent/256,,CSIG-地图产品部,,haleyfang,,,,,,,,,,,"体验链接, 项目成员",否
270,广告工程智能助理Cyber,https://teko.woa.com/event/ai-agent/270,https://versa.woa.com/strategy/cyberbot,CDG-广告营销服务线-广告工程部,,yvanwang,"biyuefan, chaseyye, dereklzhang, finchen, huyanazhang, joeyzyli, lijingwang, mikaelchen, poseidonxu, sevenzheng, xiaoheiluo, muskma",,,,,,,,,,,否
275,PLAN小助手-查询GPU,https://teko.woa.com/event/ai-agent/275,http://21.91.21.135:5000/,TEG-运营管理部,,risehuang,ramirezhang,,,,,,,,,,,否
277,运产研贴心助手—轻量云AI助手,https://teko.woa.com/event/ai-agent/277,wxwork://message?uin=33776998559279307,CSIG-云产品一部,,yuehuali,"claudechen, hakunaliu, kylexli, largezhou, laurenanyan, masonxhuang, morrisduan, xinqishang",,,,,,,,,,,否
278,卡证鉴伪智能体,https://teko.woa.com/event/ai-agent/278,https://adp.cloud.tencent.com/webim_exp/#/chat/AumYCw,CSIG-优图实验室,CSIG-优图实验室,wyitwang,"kobeschen, taipingyao, wyitwang, zhongxichen",,,,,,,,,,,否
284,领航员TAB-Navi,https://teko.woa.com/event/ai-agent/284,,PCG-PCG技术与内容平台-大数据平台部,PCG-PCG技术与内容平台-大数据平台部,ethanczheng,"jinhliu, kyanzha, ethanczheng, jielintang",,,,,,,,,,体验链接,否
287,智研服务洞察助手,https://teko.woa.com/event/ai-agent/287,,CDG-广告营销服务线-商业平台部,,nichotang,"felixwwang, gatesma",,,,,,,,,,体验链接,否
290,业务安全AI蓝军Agent,https://teko.woa.com/event/ai-agent/290,,TEG-安全平台部,,jiashihe,"ruisun, tigerhu",,,,,,,,,,体验链接,否
294,CrashSight智理,https://teko.woa.com/event/ai-agent/294,https://crashsight.qq.com/workbench/apps,IEG-品质管理部,IEG-品质管理部,hugoxu,"xingjianma, zenozheng, xiaoqingmin, wenqingwu, mikecui, iainchen, vincentwgao, dannyzhou",,,,,,,,,,,否
295,和平精英绿洲开发AI助手,https://teko.woa.com/event/ai-agent/295,,IEG-光子工作室群-S工作室,,jimmyzmwu,"elitang, lokilian, fuminglai, xiaohanhou, johnmhuang",,,,,,,,,,体验链接,否
296,SRE CLI,https://teko.woa.com/event/ai-agent/296,https://iwiki.woa.com/p/4015819348,CSIG-云技术运营服务部,,maxmzheng,"zhongsxiong, rynlli, qunithu, jordgedu, zachchen, karlcfchen, maxmzheng, quincyhu, peixinliu",,,,,,,,,,,否
299,AiSee日志分析小助手,https://teko.woa.com/event/ai-agent/299,https://aisee.woa.com/admin/p-a6ae25e3-fca6-3ad9-8b46-04148c919e1e/b-af298735-17c9-31e6-b0a6-2a05843aff16/32a2a0e053/overview?ref=agent&ref_type=rizhi,PCG-PCG技术与内容平台-工程效能平台部,,jiyuanliu,"anasiazhang, hangwinlin, jiyuanliu, jrluo, lucalai, miphazhang, rekylli",,,,,,,,,,,否
302,Lumos AI,https://teko.woa.com/event/ai-agent/302,,PCG-PCG技术与内容平台-大数据平台部,,lidanxu,,,,,,,,,,,"体验链接, 项目成员",否
304,可观测AI工作台,https://teko.woa.com/event/ai-agent/304,https://console.cloud.tencent.com/monitor/ai/explore,CSIG-云技术运营服务部,,yyingxie,"archerhan, daixuwang, joseaufeng, kevineluo, lauraytwu, lucaske, minchang, starkluo, tianjunweng, victorhuang, warpzhang, yoavwang, yongyongliu, yucolu, yyingxie",,,,,,,,,,,否
311,Dola：数据知识库AI助手,https://teko.woa.com/event/ai-agent/311,https://dola.woa.com/ai-chat?repo=market-51b9fa0c-d413-46ef-8aef-7ae82667c5cd&question=%E8%85%BE%E8%AE%AF%E8%82%A1%E7%A5%A8%E4%BB%B7%E6%A0%BC%E5%88%86%E6%9E%90%EF%BC%8C%E6%9C%AA%E6%9D%A5%E4%B8%80%E4%B8%AA%E6%9C%88%E8%B5%B0%E5%8A%BF%E9%A2%84%E6%B5%8B&autoSend=true,PCG-PCG技术与内容平台-大数据平台部,PCG-PCG技术与内容平台-大数据平台部,karolinaliu,"answerzhong, anthonyguo, ashexie, boristan, bridgetefan, devintxie, fransli, harryyfhu, houstonliu, hunterkong, ivenkjyang, jasonmliu, karolinaliu, mochigao, wenmingyang, wymanwei, yeziliu, v_bywbie, v_kewuwu",,,,,,,,,,,否
313,轻量云 AI 助手智能规划,https://teko.woa.com/event/ai-agent/313,,CSIG-云产品一部,,ceylancao,,,,,,,,,,,"体验链接, 项目成员",否
320,BrandTalking,https://teko.woa.com/event/ai-agent/320,,PCG-PCG技术与内容平台-工程效能平台部,,miphazhang,runpenzhang,,,,,,,,,,体验链接,否
330,小北助手*北东区助销agent,https://teko.woa.com/event/ai-agent/330,,CSIG-北区业务部,"CSIG-云产品三部,CSIG-政企业务运营中心",rollsliu,"majorli, qqqqqianli, canglorcang, ryanjxie, tutujwang, vailwang, viviweiwang, waynefang, xuecancheng",,,,,,,,,,体验链接,否
335,腾讯水滴法务 AI,https://teko.woa.com/event/ai-agent/335,https://lawtech.woa.com/home/index,S1-法务综合部,"S1-职能线办公室,TEG-企业IT部",edisonwyli,"balanceli, edisonwyli, greywyzhao, hunternie, linnxu, matiszheng, mikehu, samxu, visanliu, andyhuang, bashxie, boneyxiang, jakiroyi, jinconghu, keenliang, kylinzhu, liviapeng, molihe, mouse, susanhan, tattyshang, v_slongsun, v_wenenli, v_xiauzhang, wallacezhai, wallyhuang, connerwang, kimiwljin, melodyxu, raekeli",,,,,,,,,,,否
341,智能测试 Agent 系统,https://teko.woa.com/event/ai-agent/341,http://testai.woa.com/,PCG-PCG技术与内容平台-工程效能平台部,PCG-PCG技术与内容平台-工程效能平台部,kaelyezhang,"burgerluo, catheyzhou, dannielchen, doriswu, johnhjzhong, jolynjiang, lambdazhang, rhinoliu, tabjzhang",,,,,,,,,,,否
344,小店广告客户增长Agent,https://teko.woa.com/event/ai-agent/344,,CDG-广告营销服务线-商业推荐部,,wadexue,"darwinzhao, yufeizhu, yuyanghuang, aslangao, jaylenjiang, alishayang",,,,,,,,,,体验链接,否
347,视频结构化理解联合项目,https://teko.woa.com/event/ai-agent/347,,PCG-PCG技术与内容平台-应用研究中心,"CSIG-搜索应用部,CSIG-元宝产品部,PCG-PCG技术与内容平台-大数据平台部,TEG-机器学习平台部,TEG-多模态模型部",wybertwang,,,,,,,,,,,"体验链接, 项目成员",否
351,大禹营销创意素材生成Agent,https://teko.woa.com/event/ai-agent/351,,PCG-PCG技术与内容平台-公共数据科学部,,samscai,samscai,,,,,,,,,,体验链接,否
352,微信小店智能客服联合项目,https://teko.woa.com/event/ai-agent/352,,WXG-基础产品部,"WXG-基础产品部,WXG-电商产品部",jieranwang,,,,,,,,,,,"体验链接, 项目成员",否
353,云手机+ AI agent,https://teko.woa.com/event/ai-agent/353,,CSIG-云产品五部,,hayesli,hayesli,,,,,,,,,,体验链接,否
354,UGC运营助手,https://teko.woa.com/event/ai-agent/354,,IEG-业务安全部,,yammyjiang,"pandaliu, suhochen, jiamingguo",,,,,,,,,,体验链接,否
357,合规智能助手,https://teko.woa.com/event/ai-agent/357,https://ag.woa.com/?agentId=980,CSIG-安全产品二部,,ivyrxie,"andrewxxie, harleeyyli, ivyrxie, michaelnie, ooliviazhou, xiaolinglin, yaroyi, zhouppeng, neloliu",,,,,,,,,,,否
362,在线图文纠错,https://teko.woa.com/event/ai-agent/362,https://video-llm.woa.com/online-check,PCG-在线视频BU-在线视频会员业务部,,pomelocai,"colynchen, frankcao, pomelocai",,,,,,,,,,,否
364,购物助手,https://teko.woa.com/event/ai-agent/364,,WXG-技术架构部,,astroliu,"drakezhang, dayerzhang, jiapeizhang, zexijia, seraphyuan, lingyuhuang, alexju, withtomzhou, astroliu",,,,,,,,,,体验链接,否
365,英雄联盟手游-智能化AI指导,https://teko.woa.com/event/ai-agent/365,,IEG-光子工作室群-逍遥游工作室,IEG-光子工作室群-光子技术发展部,dillyli,"chainli, rickywchen, fayewei, jackeyliu, elementli, yukesun, benliu, rymanguo",,,,,,,,,,体验链接,否
366,ai军师,https://teko.woa.com/event/ai-agent/366,,"WXG-技术架构部,WXG-增值业务部",,longpoliu,,,,,,,,,,,"体验链接, 项目成员",否
367,历史代码工程的wiki实践,https://teko.woa.com/event/ai-agent/367,,CDG-支付基础平台与金融应用线-支付金融平台与数据部,,haruntian,"rockyqiu, hongjiechen, lucameng",,,,,,,,,,体验链接,否
369,安全攻击智能分析助手,https://teko.woa.com/event/ai-agent/369,https://adp.cloud.tencent.com/webim/#/chat/BaDPRj,CSIG-云产品三部,,visongu,"nikotong, dixonding",,,,,,,,,,,否
377,AI高考通,https://teko.woa.com/event/ai-agent/377,,CSIG-信息平台与服务线-搜索及内容产品中心,,johnrickli,,,,,,,,,,,"体验链接, 项目成员",否
385,AI Agent开户审核,https://teko.woa.com/event/ai-agent/385,,CDG-广告营销服务线-商业运管部,,kxingzhang,,,,,,,,,,,"体验链接, 项目成员",否
390,王者荣耀灵宝端外智能体,https://teko.woa.com/event/ai-agent/390,,TEG-计费平台部,,elaineou,,,,,,,,,,,"体验链接, 项目成员",否
396,Feedback Hawk,https://teko.woa.com/event/ai-agent/396,,WXG-企业微信应用部,,derekliao,"ivanxfjiang, steephenliu",,,,,,,,,,体验链接,否
400,AiX,https://teko.woa.com/event/ai-agent/400,,IEG-光子工作室群-光子综合业务中心,,jinyjguo,xingzheng,,,,,,,,,,体验链接,否
403,TDesign AI Chat,https://teko.woa.com/event/ai-agent/403,https://tdesign.tencent.com/chat/getting-started,"CSIG-医疗健康事业部,PCG-在线视频BU-智能创作与内容平台部","TEG-运营管理部,TEG-企业IT部",yeonzhou,"deydu, brightzhli, yorionzhou, seerzhang, nekowu, liuyilliu, deandliu, aalicezhang, petterhong, evelynnlu, anlyyao, lincao, uyarnchen, yeonzhou, dntzhang",75,"1、建议增加基于完整视角，后端集成指导书和样例demo、集成所需先导知识
2、为agent开发提供支撑，但本身缺乏AI和agent能力",,,,,,,,,否
408,研发预算智能问数,https://teko.woa.com/event/ai-agent/408,,TEG-运营管理部,,terrydai,"lillylli, evaneqchen, ellieyhe, arizawan, kimmyliu, yuhaodu",,,,,,,,,,体验链接,否
410,推理回廊,https://teko.woa.com/event/ai-agent/410,,IEG-品质管理部,IEG-品质管理部,quarkzou,"daveyduan, fionayan, severnyu, shixili",,,,,,,,,,体验链接,否
411,视觉创作Agent,https://teko.woa.com/event/ai-agent/411,,TEG-多模态模型部,,angelqlin,"keizu, alexqchen, angelqlin, carsonzhao, conglianxie, harryshan, ikeedeng, jackerli, jinxianglai, jonnyguo, lebronhe, origamiwang, qinyuqyyang, rongweiquan, selenecyli, yangqiniu, zexinlu, xiaowenyin",,,,,,,,,,体验链接,否
415,EplusChat AI助手,https://teko.woa.com/event/ai-agent/415,,TEG-运营管理部,,susiessli,"jiajingtang, hotzhang, jungleliu, hankerlin, andsonfeng",,,,,,,,,,体验链接,否
419,企鹅教师创意教学Agent,https://teko.woa.com/event/ai-agent/419,,CDG-可持续社会价值事业部-数字教育实验室,CDG-可持续社会价值事业部-技术生态部,onlychen,"sammiexu, vvickyzhang, p_noraynli, gongyusun, elsahe",,,,,,,,,,体验链接,否
425,ALADIN一站式AI测试实践,https://teko.woa.com/event/ai-agent/425,,CSIG-CSIG质量部,CSIG-CSIG质量部,yongfeijia,"bradqin, chenlusha, dahlcao, davehuo, defengdeng, evansjwu, hupengli, jasonjshu, marshallmma, massimohao, moneyzzhang, neilnqli, serenayyang, tukeyzhang, yongfeijia, yuanjiezhu",,,,,,,,,,体验链接,否
431,广告业务大盘助手,https://teko.woa.com/event/ai-agent/431,,CDG-广告营销服务线-商业运管部,CDG-广告营销服务线-商业运管部,hermanzeng,"joymanhuang, alanzhren, sidneychen, leslieelin",,,,,,,,,,体验链接,否
437,灵鹅点睛,https://teko.woa.com/event/ai-agent/437,https://ai-query-assistant-j1tj141h.app.with.woa.com/,CDG-广告营销服务线-商业数据部,CDG-广告营销服务线-商业数据部,xuezhangli,"andrewjnxia, spasonxiong",,,,,,,,,,,否
438,位置服务AI助手,https://teko.woa.com/event/ai-agent/438,,CSIG-地图产品部,,leohhzhuang,"hdzzuo, mingmyyu",,,,,,,,,,体验链接,否
441,AI销售助手,https://teko.woa.com/event/ai-agent/441,https://yuanqi.tencent.com/webim/#/chat/aoWJFW?appid=1981336041303259072&experience=true,CSIG-智慧出行事业部,,sandrazhang,"andynni, aslinwang, astarliu, emmalliang, ethanqqin, jackykchen, sevenzhu, shinyxusun, shouxusun, zoerslin",,,,,,,,,,,否
450,较真AI-智能查真假,https://teko.woa.com/event/ai-agent/450,https://view.inews.qq.com/ai/agent/UTR2025041800262600?no-redirect=1,PCG-腾讯新闻-平台运营部,"PCG-腾讯新闻-新闻工程研发部,PCG-腾讯新闻-新闻平台业务部,PCG-腾讯新闻-业务发展部",dorili,"aeroyang, bobzhao, haiyangxie, hudsonwwang, jenaxu, jerrychu, jingluwang, koikoizhang, kufazhang, lreliawu, ninaqqli, ryanding, stormyu, tomqian, xiaonanchen, yihongdai, yonglisun, yukaiwang, zoeyyizhang",,,,,,,,,,,否
451,AI迁云工具,https://teko.woa.com/event/ai-agent/451,,CSIG-政企客户成功中心,,graceyliu,vurtyan,,,,,,,,,,体验链接,否
453,云镜台,https://teko.woa.com/event/ai-agent/453,,"IEG-互动科技创新部,IEG-技术运营部","IEG-互动科技创新部,IEG-技术运营部",zhihaoochen,"liamzqtan, minhuaxu, munchshao, parkeryao, zhihaoochen, ziniali, wuweijia",,,,,,,,,,体验链接,否
454,SSV研发工作流AI提效实践,https://teko.woa.com/event/ai-agent/454,,CDG-可持续社会价值事业部-技术生态部,,windlin,"jefferwang, windealli, yikazhu, reynaldliu",,,,,,,,,,体验链接,否
457,QQ AI+DS,https://teko.woa.com/event/ai-agent/457,,PCG-社交平台与应用线-社交平台架构中心,,fiosong,,,,,,,,,,,"体验链接, 项目成员",否
460,AI智能专题,https://teko.woa.com/event/ai-agent/460,https://hot.woa.com/big-event-thing,PCG-PCG技术与内容平台-内容服务部,,kaiyuancui,"v_hlqhe, yuyjin, samtihuang, plunckpeng, shirleylai, maggiedu, allenzhwli, bonnieryli, axiezheng, jasonxchen",,,,,,,,,,,否
463,tapd需求分析助手,https://teko.woa.com/event/ai-agent/463,https://xd.woa.com/itrpc.xd.aim/#/chat/index?agent_id=oSEpUNPQS2ya,IEG-IEG品牌与数字生态营销部,,lucienpeng,,,,,,,,,,,项目成员,否
472,邮箱奇美拉翻译,https://teko.woa.com/event/ai-agent/472,,WXG-企业微信产品部,TEG-大语言模型部,dylanlv,"moonzheng, wuxingzou, yalehe, loganyu, jasonzli",,,,,,,,,,体验链接,否
474,QQ浏览器AI学术助理,https://teko.woa.com/event/ai-agent/474,,CSIG-搜索应用部,"CSIG-信息平台与服务线-应用技术部,CSIG-信息平台与服务线-用户体验设计部,CSIG-CSIG质量部",galenqin,"bensoncao, galenqin, kantzhang, lilyyangluo, miaytchen, deliaadchen, snowyxie, tevenxu, melodymtang, tedliangli, tsingcwang, jundabei, alekshen, yannizhang, adamlong, ahuxiao, fbhuizhao, howieyhuang, hughzhu, lightyao, talbotniu, xdshang, elevenzyli, yitinghuang, yutengbian, hodgeliang, fansonchen, cosmoszhao, brollanli",,,,,,,,,,体验链接,否
476,AI驱动Web_UI自动化测试,https://teko.woa.com/event/ai-agent/476,https://adt.woa.com/#/tools/UITEST/debug?team=TEAM1267ab1f2ba9,TEG-数据平台部,,lucasybwang,"agprincefu, airbozheng, ezrealdeng, klaushu, lucasybwang",,,,,,,,,,,否
496,安全问答助手,https://teko.woa.com/event/ai-agent/496,,PCG-社交平台与应用线-社交安全中心,,alanpfhu,"jinghaoyan, janetpwang, shaunbian, aydentang, whalechen",,,,,,,,,,体验链接,否
501,PlayStore Pilot,https://teko.woa.com/event/ai-agent/501,,IEG-IEG Global-GaaS Tech Group,,mjalowiec,"sunjoohwang, fennieyang, euphrochen, ninghanghu",,,,,,,,,,体验链接,否
505,安兔AI助手,https://teko.woa.com/event/ai-agent/505,,CSIG-云技术运营服务部,"CSIG-智慧行业四部,CSIG-政企客户成功中心",louiscxqiu,"arthuzhang, hwanyan, leojinsong",,,,,,,,,,体验链接,否
509,云安智答-公有云安全知识问答,https://teko.woa.com/event/ai-agent/509,https://ag.woa.com/?agentId=109,"CSIG-云技术运营服务部,CSIG-安全产品三部","CSIG-云技术运营服务部,CSIG-安全产品三部",donkhuang,"antoniusliu, noahluo, carywang, dapanzhang, gannonwang, lucasqli, timothyhu, waynelei",,,,,,,,,,,否
526,网络报文智能分析,https://teko.woa.com/event/ai-agent/526,https://pcapagent.woa.com,TEG-网络平台部,"TEG-网络平台部,CSIG-云技术运营服务部",claudexie,"brucecli, claudyuan, maozhou, nobugliu, vincentbbli, zachzzhou",,,,,,,,,,,否
542,AgentHub智能体路由服务,https://teko.woa.com/event/ai-agent/542,http://test.nops.woa.com/agenthub/ui/group/sre,TEG-网络平台部,,jagerzhang,"breakhuang, destinyli, eliozhang, findzyxu, ivinli, monaji, phoenixliu, pristshao, zeyuanwang, zoenli",,,,,,,,,,,否
548,TDebug Agent,https://teko.woa.com/event/ai-agent/548,,PCG-PCG技术与内容平台-大数据平台部,,fengsflin,,,,,,,,,,,"体验链接, 项目成员",否
565,腾讯位置服务开发者分析专家,https://teko.woa.com/event/ai-agent/565,,CSIG-地图产品部,,hunterfang,"huajiang, feiyuli, guanghuiye, kylocao, egbertshen, haleyfang, sissiepan",,,,,,,,,,体验链接,否
570,游戏账号画像分析,https://teko.woa.com/event/ai-agent/570,,IEG-业务安全部,,kosmoscheng,"currywang, nestorlin",,,,,,,,,,体验链接,否
571,腾讯频道问问Agent,https://teko.woa.com/event/ai-agent/571,,PCG-社交平台与应用线-社区产品部,,nickxiao,,,,,,,,,,,"体验链接, 项目成员",否
577,PCAD数询助手,https://teko.woa.com/event/ai-agent/577,,CDG-广告营销服务线-平台与内容广告部,,ziffzhuo,"bingduochen, isacczhang, maxjxu, ericjwluo",,,,,,,,,,体验链接,否
583,AI 生成智能表和仪表盘,https://teko.woa.com/event/ai-agent/583,,PCG-社交平台与应用线-社交协作产品部,,joslynlin,"kanalin, jerryzjhu, joeyguo, viezhong, rayrzzhang",,,,,,,,,,体验链接,否
584,用户问题智能定位,https://teko.woa.com/event/ai-agent/584,,PCG-社交平台与应用线-社交协作产品部,,kanalin,"jerryzjhu, joeyguo, rayrzzhang, joslynlin",,,,,,,,,,体验链接,否
594,腾讯新闻AI CR智能平台,https://teko.woa.com/event/ai-agent/594,,PCG-腾讯新闻-新闻工程研发部,,frankylu,dqfang,,,,,,,,,,体验链接,否
595,X5灵析助手,https://teko.woa.com/event/ai-agent/595,,CSIG-信息平台与服务线-平台产品部,,normanchen,"wanggao, perryuwang, dafuyao",,,,,,,,,,体验链接,否
596,供应商咨询应答机器人,https://teko.woa.com/event/ai-agent/596,https://yuanqi.tencent.com/webim/#/chat/smWTKM?appid=1957276228185850496&experience=true,S1-集团采购管理部,,johnlli,"belindaliu, tommyxia, marshallxu, jetzhong",,,,,,,,,,,否
597,腾讯新闻商业化智能AI助手,https://teko.woa.com/event/ai-agent/597,,PCG-腾讯新闻-新闻工程研发部,,frankylu,slayge,,,,,,,,,,体验链接,否
600,安灯AI助手,https://teko.woa.com/event/ai-agent/600,https://andon.woa.com/webim/chat/,CSIG-云技术运营服务部,,arianewang,"ailanzhou, alexzmzhang, gavrielliu, greenyzhang, joskazhao, xuanzangshi, xxcxu, junhuideng",,,,,,,,,,,否
608,微信客服线索获客会话智能体,https://teko.woa.com/event/ai-agent/608,,CDG-广告营销服务线-微信广告部,TEG-大语言模型部,qinghuzhang,"dimitriyu, jessedeng, kennyxblin, renojing, denisbaoma, breterchen, dongqilin, gavingzhang, fawnwang, duranzheng",,,,,,,,,,体验链接,否
615,新闻微服务助手Agent,https://teko.woa.com/event/ai-agent/615,https://inews.woa.com/page/chat,PCG-腾讯新闻-新闻工程研发部,,sampan,"michealgao, gaiuszhang, yiningyan, quonliu",,,,,,,,,,,否
616,AI CLI Agent,https://teko.woa.com/event/ai-agent/616,,CSIG-云产品四部,,dyuankong,"batiliu, ericffan, gamyhuang, rinvaywu, sjjwwang, suboyang, victorrxu, yanani",,,,,,,,,,体验链接,否
617,实验助手Agent,https://teko.woa.com/event/ai-agent/617,,WXG-技术架构部,,broccozhang,"darwinwang, txiong, daimintang, kiviyang",,,,,,,,,,体验链接,否
619,PM数智人,https://teko.woa.com/event/ai-agent/619,,CSIG-政企客户成功中心,,feizhuang,aleexjiang,,,,,,,,,,体验链接,否
664,企微智能机器人,https://teko.woa.com/event/ai-agent/664,,WXG-企业微信产品部,,dylanlv,"hanrycai, xuekaili",,,,,,,,,,体验链接,否
685,ai播客,https://teko.woa.com/event/ai-agent/685,,TEG-大语言模型部,,austinyhli,,,,,,,,,,,"体验链接, 项目成员",否
693,CPS商品营销智能体,https://teko.woa.com/event/ai-agent/693,,"CDG-广告营销服务线-商业平台部,CDG-广告营销服务线-商业推荐部","CDG-广告营销服务线-泛生态业务部,CDG-广告营销服务线-商业运管部,CDG-广告营销服务线-广告工程部,CDG-广告营销服务线-商业数据部",laoguo,"nikoyxlin, yabohe, andrewhuang, bubblelv, darrenguo, dennisyang, evancyliu, ezewang, fengychen, kimding, lehu, olivialluo, regezhang, secondta, shawnshli, tommycao, tottizhang, xiujinyang, longiesong",40,"1、TOC的回复更类似广告，更有效提供推荐链接和方案。
2、意图识别/连续对话能力不足
3、从方案文档看，B端方案采用了较多新技术，但当前C端产品缺乏思维链展现，过程黑盒
4、商品链接正确，但是价格多次不对。",太极平台,,,,,,,体验链接,否
696,智能表格AI字段,https://teko.woa.com/event/ai-agent/696,https://doc.weixin.qq.com/,"WXG-企业微信应用部,WXG-企业微信产品部",PCG-社交平台与应用线-社交协作产品部,kevinjlchen,"adriankang, brookehu, calvinfeng, cansonli, deekywu, dingzhang, dylanlv, eddyzeng, eikoli, ericxyzhang, granthou, greyhuiliu, hanrycai, hughsu, jackyjli, jahodahe, jasonjfeng, jayjayli, joeyguo, johnnydai, josieshuang, joyfang, junpingyang, kenshinxu, kraigchen, lalisazhao, leconghuang, leohuo, likekli, linkyhuang, lpslin, luciouslu, lumoswang, lunafei, masonkang, nehchen, pablowang, pennypan, princeli, sofiesjiang, steephenliu, tigeran, towerchen, vincenzoxu, weihaozhong, wyatttwei, yongzhiguo, yuyongwang, zeruilin, zochen",,,,,,,,,,,否
698,DcData数据分析助手,https://teko.woa.com/event/ai-agent/698,"xxxx,数据敏感",TEG-IDC平台部,,yinggan,"ukieeeyi, lynnlong, xincili",,,,,,,,,,,否
701,秒剪广告制作 agent,https://teko.woa.com/event/ai-agent/701,,WXG-读书产品部,,cecilelu,"rightyonghu, zwllli",,,,,,,,,,体验链接,否
707,微信输入法表情包创作agent,https://teko.woa.com/event/ai-agent/707,,WXG-读书产品部,,cecilelu,"rightyonghu, larionliu",,,,,,,,,,体验链接,否
708,微信输入法表情包创作agent,https://teko.woa.com/event/ai-agent/708,,WXG-读书产品部,,cecilelu,"rightyonghu, larionliu",,,,,,,,,,体验链接,否
721,GOG智能分析平台,https://teko.woa.com/event/ai-agent/721,,WXG-运营平台部,,lonnyliu,"edmundyang, robertliang, chuchuzhao, kapokhuang",,,,,,,,,,体验链接,否
726,草场地智能客服agent,https://teko.woa.com/event/ai-agent/726,https://mall.video.qq.com/ecommerce/ai-chat?hidetitlebar=1&immersive=2&entranceType=1,PCG-在线视频BU-在线视频商业化部,,kacychen,"alicezou, runhaolu, kathyzhou",,,,,,,,,,,否
739,鹰眼·AI智审,https://teko.woa.com/event/ai-agent/739,http://21.6.93.247:5002/,CSIG-政企客户成功中心,,frankechen,"samanthama, ethanpzhao, crismwang, barryzhang, muskxlsong",,,,,,,,,,,否
747,FiT-AI安全大脑,https://teko.woa.com/event/ai-agent/747,http://localhost:8080,CDG-支付基础平台与金融应用线-支付金融平台与数据部,,faithsun,"vinkichen, boxingtan, leicentzeng, elizaliang, jakkzhang",,,,,,,,,,,否
750,轻量云游戏服智囊-游戏AI助手,https://teko.woa.com/event/ai-agent/750,https://hunyuanaide.taiji.woa.com/web/match_tryModel?id=7996,CSIG-云产品一部,,kylexli,"claudechen, hakunaliu, jasonxli, largezhou, laurenanyan, masonxhuang, morrisduan, xinqishang, yuehuali",,,,,,,,,,,否
751,工单提效专家—工单分析AI助手,https://teko.woa.com/event/ai-agent/751,http://9.134.150.235:3001/analysis,CSIG-云产品一部,,kylexli,"xinqishang, morrisduan, masonxhuang, laurenanyan, hakunaliu, largezhou, yuehuali, claudechen, easonxyi",,,,,,,,,,,否
754,FinAIEval金模判官,https://teko.woa.com/event/ai-agent/754,,CDG-支付基础平台与金融应用线-支付金融平台与数据部,TEG-数据平台部,elizaliang,"benshwu, mtyytang, suminhe, yaxinxu, alinasyylu, dylannlu, jakkzhang",,,,,,,,,,体验链接,否
766,视频号智能合集,https://teko.woa.com/event/ai-agent/766,,WXG-视频产品部,,taoklin,,,,,,,,,,,"体验链接, 项目成员",否
767,青鸟系统-营销宣传合规审查工具,https://teko.woa.com/event/ai-agent/767,,"CDG-支付基础平台与金融应用线-金融风险管理部,CDG-支付基础平台与金融应用线-支付金融平台与数据部",S1-金融法律合规部,amandajye,"sarahjchen, foggyzhong, xanderywang, wenshanma, waynecui, meteoryliu, lincyzhou, karlypzeng, jayxjwu, jasonjsgu, howardfang, dylanywang, linnadai, xiaolonyang",,,,,,,,,,体验链接,否
775,外部代码生成,https://teko.woa.com/event/ai-agent/775,https://xd.woa.com/itrpc.xd.aim/#/chat/index?agent_id=xqph2SugTK8n,IEG-IEG品牌与数字生态营销部,IEG-IEG品牌与数字生态营销部,aihjiang,lucienpeng,,,,,,,,,,,否
778,linda测试,https://teko.woa.com/event/ai-agent/778,,TEG-运营管理部,,lindaluan,,,,,,,,,,,"体验链接, 项目成员",否
779,赛宝对局问题定位agent,https://teko.woa.com/event/ai-agent/779,,IEG-IEG品牌与数字生态营销部,,kirinpeng,huaguanma,,,,,,,,,,体验链接,否
782,ima-agent任务模式,https://teko.woa.com/event/ai-agent/782,,CSIG-信息平台与服务线-应用技术部,,jimmyzhu,,,,,,,,,,,"体验链接, 项目成员",否
783,新闻妹AI-伴随式新闻智能助手,https://teko.woa.com/event/ai-agent/783,https://view.inews.qq.com/ai/agent/UTR2025040800399100?no-redirect=1,PCG-腾讯新闻-新闻工程研发部,PCG-腾讯新闻-新闻平台业务部,tomqian,"aatroxli, aeroyang, bobzhao, chanyazhang, chenchi, ciusyanyang, danielcpeng, djeozhang, gaiuszhang, haiyangxie, hudsonwwang, jellyyan, jerrychu, jialiangsun, joesonqiao, joycelynliu, koikoizhang, kufazhang, ninaqqli, sampan, waynexie, willsonzhou, wrenwang, yonglisun, yukaiwang",,,,,,,,,,,否
784,智能排版助手,https://teko.woa.com/event/ai-agent/784,http://82.157.154.60/,CSIG-政企客户成功中心,,harlansun,"yongqzhu, sanshizhao",,,,,,,,,,,否
789,和平赛场智能助手,https://teko.woa.com/event/ai-agent/789,,IEG-IEG品牌与数字生态营销部,,gertrudezou,"guowangyang, dixonwang",,,,,,,,,,体验链接,否
790,游戏人生自动化配置助手,https://teko.woa.com/event/ai-agent/790,https://igame-mo-test.woa.com/coecology.pmd-oa.pmd-oa-admin.feature.ai/convert/act/list?product=jf-party,IEG-IEG品牌与数字生态营销部,,alviswang,"lucienpeng, zkinhuang, radejdong",,,,,,,,,,,否
792,视频号智能客服小助手,https://teko.woa.com/event/ai-agent/792,https://work.weixin.qq.com/kfid/kfcbe6a0ad16c98642e,WXG-视频产品部,WXG-技术架构部,geryfan,"chilliyang, carrotzheng, lilianwang, huwu, carolcychen",,,,,,,,,,,否
794,新人助手agent,https://teko.woa.com/event/ai-agent/794,https://xd.woa.com/itrpc.xd.aim/#/chat/index?agent_id=ZODxVo6GTHEo,IEG-IEG品牌与数字生态营销部,,eviehehe,,,,,,,,,,,项目成员,否
795,QQ浏览器下载助手,https://teko.woa.com/event/ai-agent/795,https://browser.qq.com/ai-agents/?source=newtab,CSIG-信息平台与服务线-平台产品部,"CSIG-优图实验室,CSIG-信息平台与服务线-智能技术中心,CSIG-信息平台与服务线-用户体验设计部",stevenleisu,"answeryang, blowingwu, carolzzwu, chonglin, damonruan, deliaadchen, eckoyi, fredhbliu, frodochen, halenhu, harryzhtang, hengyuzhao, hidezhao, jawnrwen, jielzeng, maudiehuang, morrischeng, normanchen, orangehuang, perryuwang, qiyaoyuan, ruizhiqiao, ryankang, shaunyuan, shinejin, taianguo, terrencegu, tjzhong, winfredsun, wordenwang, xianyizhang, yeukqjiang, yorkeli, yuchuanliu, yvonichen, zhenweizhang, mcyli",,,,,,,,,,,否
796,设计稿转代码D2C,https://teko.woa.com/event/ai-agent/796,https://mobile.woa.com/d2c-front/,IEG-IEG品牌与数字生态营销部,,junshao,"wellhuang, vonnieli, lauheeliu, janfzhao, guowangyang, bruceren, alvinxu, alltasxiao, yuiqin",,,,,,,,,,,否
797,智研全链路可观测 Agent,https://teko.woa.com/event/ai-agent/797,,TEG-研发管理部,TEG-云架构平台部,shinnyhuang,"boydzheng, carlcui, elricchen, ginshu, gumpgan, jephiesu, jingboma, lovevili, maplehfzhou, montionye, posyjiang, raymeng, samongzhang, tinatinghu, vignywang, yanniswang, yueuezhang, yuhaozhou, yumengwang, zhaopan, andyerhuang, jackieyuan, jeddylin, kanglingxu",,,,,,,,,,体验链接,否
800,Text2SQL智能取数,https://teko.woa.com/event/ai-agent/800,https://api-zhishu.woa.com/pdc.ai.text2sql/login,IEG-IEG品牌与数字生态营销部,IEG-IEG品牌与数字生态营销部,zackerguo,"scottwei, shaneyuan, damingli",,,,,,,,,,,否
801,数据智能分析Agent,https://teko.woa.com/event/ai-agent/801,https://test.com,IEG-IEG品牌与数字生态营销部,IEG-IEG品牌与数字生态营销部,zackerguo,"damingli, scottwei, shaneyuan",,,,,,,,,,,否
803,TRTC云助手,https://teko.woa.com/event/ai-agent/803,https://taiji.woa.com/web-llm/web/llm_task_dialogue?id=19527&type=normal&redirectUrl=%2Fweb-llm%2Fweb%2Fllm_task%3FwsId%3D10144%26pageIndex%3D1&wsId=10144,CSIG-云技术运营服务部,,jackwlchen,lenzhao,,,,,,,,,,,否
809,新闻内容质量AI,https://teko.woa.com/event/ai-agent/809,,PCG-腾讯新闻-新闻工程研发部,PCG-腾讯新闻-新闻平台业务部,kufazhang,"joesonqiao, djeozhang, xuejinghou, robinhzhang, maxba, masonjhchen, wanlicheng, felixmu, mosun, thomasdu, tomqian, bobzhao",,,,,,,,,,体验链接,否
810,赛事邀请码agent,https://teko.woa.com/event/ai-agent/810,https://xd.woa.com/itrpc.xd.aim/#/chat/index?agent_id=SaZ5gYd1KtZW,IEG-IEG品牌与数字生态营销部,,hectorchen,,,,,,,,,,,项目成员,否
811,大模型安全自动评估 Agent,https://teko.woa.com/event/ai-agent/811,,WXG-运营平台部,,zatozhang,"bojiehu, dingyaoyu, yundaozhang",,,,,,,,,,体验链接,否
814,企业微信AI搜索,https://teko.woa.com/event/ai-agent/814,,WXG-企业微信产品部,,loganyu,,,,,,,,,,,"体验链接, 项目成员",否
815,企业微信智能总结,https://teko.woa.com/event/ai-agent/815,,WXG-企业微信产品部,,loganyu,,,,,,,,,,,"体验链接, 项目成员",否
817,大模型自动化红队 Agent,https://teko.woa.com/event/ai-agent/817,,WXG-运营平台部,,bengiojiang,"bojiehu, vigorshen",,,,,,,,,,体验链接,否
820,运营小助手,https://teko.woa.com/event/ai-agent/820,,IEG-IEG品牌与数字生态营销部,IEG-IEG品牌与数字生态营销部,juliandong,,,,,,,,,,,"体验链接, 项目成员",否
823,QQ浏览器订阅助理,https://teko.woa.com/event/ai-agent/823,https://browser.qq.com/ai-agents/?source=newtab&enableSubscribe=true,CSIG-信息平台与服务线-平台产品部,"CSIG-优图实验室,CSIG-信息平台与服务线-用户体验设计部",damonruan,"carolzzwu, deliaadchen, fredhbliu, hengyuzhao, jawnrwen, jielzeng, morrischeng, ruizhiqiao, shaunyuan, taianguo, terrencegu, wordenwang, xianyizhang, yeukqjiang, yorkeli, yvonichen, stevenleisu",,,,,,,,,,,否
825,Data Agent,https://teko.woa.com/event/ai-agent/825,,TEG-机器学习平台部,,mikezctang,"faronwang, catenliu, arisjin, howiexia, asterchen, liuxinwang, yaranli",,,,,,,,,,体验链接,否
827,营销AI组合,https://teko.woa.com/event/ai-agent/827,,CDG-支付基础平台与金融应用线-金融市场部,,owensxli,"ethanbhuang, xtinajiang, alliehuang, vianneliu, juneqwang, lydiasylin, jasminywang, jiaxingyi, janylin, sukihuang",,,,,,,,,,体验链接,否
831,​​易链灵构,https://teko.woa.com/event/ai-agent/831,https://test.woa.com/,TEG-客户服务部,,chaseliu,"chaycao, paultaowang, rockpeng, jianboduan, dickzhou, linklin, holgerhuang, maoxiangwei, phantommlin, shiliwang, sawadajiang, yinghaozhu, markfang, smileshang",,,,,,,,,,,否
832,单测生成Agent,https://teko.woa.com/event/ai-agent/832,,TEG-研发管理部,,dollyyang,"ajunhuang, cyberwang, davidning, edenzou, edonliu, erikyang, hardyxu, janetsong, jemerychen, rachellu, robertyang, sunsonliu, anyechen",,,,,,,,,,体验链接,否
837,AI下载助理,https://teko.woa.com/event/ai-agent/837,,"CSIG-信息平台与服务线-平台产品部,CSIG-信息平台与服务线-智能技术中心",,terrencegu,"zhenweizhang, deliaadchen, carolzzwu, damonruan, lanternlu, maudiehuang, stevenleisu, xianyizhang, yorkeli, yvonichen, shaunyuan",,,,,,,,,,体验链接,否
854,【微信蓝包】AI选礼物助手,https://teko.woa.com/event/ai-agent/854,,WXG-电商产品部,"WXG-电商产品部,WXG-技术架构部",julesyzhang,"aryaqi, chenhaochen, jimfan, jonyyjlin, kielhuang, kunqian, woodtmao, yaoozhou, zhuojieli, zifeishan",,,,,,,,,,体验链接,否
859,微信公众号AI配图,https://teko.woa.com/event/ai-agent/859,,WXG-开放平台部,WXG-开放平台部,doniafu,"craneli, rahulyu, surezheng",,,,,,,,,,体验链接,否
861,Agent Memory,https://teko.woa.com/event/ai-agent/861,,CSIG-云产品一部,,jimmydai,"feiwu, lynzou, kentyhuang, junfengyu",,,,,,,,,,体验链接,否
871,大客户转售Agent,https://teko.woa.com/event/ai-agent/871,https://test-andon.woa.com/mobile/ai-assist/chat,CSIG-云技术运营服务部,,mianmfu,"greenyzhang, arthuzhang, camelliawei, hunterhtli, jingzhenhe, kelseymwang, lukeqqin, nealchangli, cynthiaddai",,,,,,,,,,,否
872,QQ浏览器AI视频助理,https://teko.woa.com/event/ai-agent/872,https://browser.qq.com/ai-agents/?source=newtab&agent=video,"CSIG-信息平台与服务线-平台产品部,CSIG-信息平台与服务线-智能技术中心","CSIG-优图实验室,CSIG-云产品三部,CSIG-信息平台与服务线-用户体验设计部",xianyizhang,"andrewyuan, darrenyao, davinazhang, deliaadchen, fredhbliu, frodochen, harlingzhao, jacehuang, jarvielong, jielzeng, markshe, maudiehuang, peixianchen, quinnrong, shaunyuan, simonsheng, stevenleisu, winfredsun, xiaolingli, yeukqjiang, yeziwang, yorkeli, yvonichen",,,,,,,,,,,否
875,多尺寸扩图agent,https://teko.woa.com/event/ai-agent/875,,IEG-IEG品牌与数字生态营销部,,alvinxu,"wellhuang, alltasxiao, yuiqin, andyczheng, vonnieli, bruceren, lauheeliu, riveryuan, janfzhao",,,,,,,,,,体验链接,否
882,研发全流程提效 Agent,https://teko.woa.com/event/ai-agent/882,,CSIG-医疗健康事业部,,hamilhong,"jamsun, jasonzxliu, liuyilliu, marcozhguo, vajyyi, zionzzhu, hamilhong",,,,,,,,,,体验链接,否
883,文旅行业agent,https://teko.woa.com/event/ai-agent/883,,CSIG-地图平台部,,maggieylye,,,,,,,,,,,"体验链接, 项目成员",否
885,小途工艺制作专家,https://teko.woa.com/event/ai-agent/885,https://tmind.woa.com/showShare?code=15S5V37UWX,"CSIG-通途数据中心,CSIG-CSIG质量部","CSIG-通途数据中心,CSIG-CSIG质量部",yttingzhang,"adnanchen, yanzhezhu, carlxyzhang, magyang",,,,,,,,,,,否
887,高价值弹幕AI挖掘助手,https://teko.woa.com/event/ai-agent/887,,PCG-在线视频BU-在线视频产品部,,lunaluhu,"henklin, allencheng, sherryhshu, moyallang",,,,,,,,,,体验链接,否
896,DDoS攻防提效AI助手,https://teko.woa.com/event/ai-agent/896,https://chat.zsd.woa.com/#/chat,TEG-安全平台部,,gammachen,"aikewang, chasonluo, chuyangzhao, fisherxiao, rockyzhou, seansi, wanruzhang, zideng, neoxuzhang, orionshu",95,"1、技术先进性：LLM+agent+MCP+DIFY
2、功能实用。后续继续迭代自主工具调用功能","基于DeepSeek-V3模型的AI助手，通过MCP（Model Context Protocol）框架与各种DDoS防护工具集成
速度很快",https://km.woa.com/articles/show/629843,,,,,,,否
907,腾讯招聘AI-面试助手,https://teko.woa.com/event/ai-agent/907,,S3-招聘活水部,,elioyao,"maiyali, maddydeng, fayellawang, ansleyyu, joanqzhang, kitybzhang, joannezhang, willxqhe",,,,,,,,,,体验链接,否
913,AI抽奖配置师,https://teko.woa.com/event/ai-agent/913,,IEG-IEG品牌与数字生态营销部,,alviswang,,,,,,,,,,,"体验链接, 项目成员",否
921,用户动线分析与财富管理需求挖掘,https://teko.woa.com/event/ai-agent/921,http://9.135.101.171.devcloud.woa.com:8080/data_agent_demo2/,CDG-支付基础平台与金融应用线-支付金融平台与数据部,CDG-支付基础平台与金融应用线-财富管理部,jackylzhou,"zenhaoxu, challenwang, ansonzliang, tingyuwang",97,"1、SFT训练、langgragh、codebuddy，采用数据精调、训练模型
2、尚在内部测试中，效果待实际验证",SFT训练、langgragh、codebuddy,https://km.woa.com/articles/show/638221,,,,,,,否
923,AI智能评测文档预览效果,https://teko.woa.com/event/ai-agent/923,,WXG-企业微信应用部,,lukaschen,,,,,,,,,,,"体验链接, 项目成员",否
925,基于文本用例终端自动化智能执行,https://teko.woa.com/event/ai-agent/925,https://testone.woa.com/terminal-one-replay/tiyan#/terminal/caseManager?projectId=1,PCG-PCG技术与内容平台-工程效能平台部,,vincentyli,"johnnyxwei, seanhhe, marszhuo, zencbzhang, yukyyang, mattdwang, ronnieshi, jiuyuanqiao, jiahaooyan, edenxpzhang",,,,,,,,,,,否
926,智能AI营销图生成,https://teko.woa.com/event/ai-agent/926,,CDG-支付基础平台与金融应用线-跨境支付业务部,,leonwhliu,"xmagicwu, dddzhang",,,,,,,,,,体验链接,否
928,免广告券Helper,https://teko.woa.com/event/ai-agent/928,,CDG-广告营销服务线-微信广告部,,irisshi,"zhikanglei, zakkzhang",,,,,,,,,,体验链接,否
933,网页智能埋点工具,https://teko.woa.com/event/ai-agent/933,,CDG-广告营销服务线-商业数据部,TEG-安全平台部,siegli,"alexansong, damonbzhang, leilaxu, lemonye, mianxiaoli, nealcai, rockyjiang, snowsyzheng, tntzhang, xpzhang",,,,,,,,,,体验链接,否
937,现网问题排查小助手,https://teko.woa.com/event/ai-agent/937,,IEG-IEG品牌与数字生态营销部,,tyraelhuang,,,,,,,,,,,"体验链接, 项目成员",否
941,tRPC项目级AI代码生成,https://teko.woa.com/event/ai-agent/941,,PCG-PCG技术与内容平台-应用架构平台部,,suziliu,"adenshen, bochenchen, martianliu, minchangwei, kaynzhang",,,,,,,,,,体验链接,否
947,腾讯公益AI搜索bot,https://teko.woa.com/event/ai-agent/947,https://hunyuanaide.taiji.woa.com/web/match_tryModel?id=19663,"CDG-可持续社会价值事业部-公益平台部,CDG-可持续社会价值事业部-技术生态部","PCG-PCG技术与内容平台-大数据平台部,TEG-大语言模型部",gongyusun,"astridwu, carryfan, chasewen, daisyvvtang, elainexiao, hannahhuixu, hunterguo, lyali, p_mengjinma, p_wwerchen, p_zhilingqi, ryderguo, seanxzzhang, spraydong, tracyxlliu, xinrancheng, zifengcai, masonhyli, chaisxiao, lianawu",95,"1、系统已在小程序上线
2、技术先进：采用agent、sft等",太极平台,https://techmap-product-1258344706.file.myqcloud.com/file/6d76aca1-b80c-44ee-bdda-48b333b9f6c0.pdf,,,,,,,否
950,TencentOS内核漏洞修复,https://teko.woa.com/event/ai-agent/950,,TEG-安全平台部,TEG-云架构平台部,levonyang,"louisllv, scottzhguo, deltazhang, loywang, rongzhencao, kanshanxu",,,,,,,,,,体验链接,否
952,支付平台AI研发助手,https://teko.woa.com/event/ai-agent/952,,CDG-支付基础平台与金融应用线-支付平台研发部,CDG-支付基础平台与金融应用线-支付平台研发部,skyenwu,"gongkezhang, hyshen, jakehu, junjianhe, karlyzhang, parkyu, sharali, shawnshi, tenfyguo, thinkzhao, tigerlan, toonychen, utensilsong, wenlongxia, witerzheng",,,,,,,,,,体验链接,否
960,鹅博士知识管家,https://teko.woa.com/event/ai-agent/960,鹅博士助手-0.0.20251030.zip,IEG-自研体系管理部,,vicjwli,"chenxzhang, elriczhou, ireneyufu, marglei, sunnyyysun, tianxia, islandli, xiaominggao",95,"1、插件机制、总结
2、完成度高，可推广且便利","1、插件、划词问。侧边栏常驻。打造成知识库对接，体验很好。
2、总结文档",,,,,,,,否
964,AI智能告警系统,https://teko.woa.com/event/ai-agent/964,https://xy.woa.com/xy/app/test/yyzsd/alarm_denoise,TEG-安全平台部,,neoxuzhang,"orionshu, conychen, joinishu, melonyyang, rockyzhou, gammachen, aikewang, zideng",,,,,,,,,,,否
972,瓦力 - AI 编程助手,https://teko.woa.com/event/ai-agent/972,https://wally.woa.com,CSIG-云产品一部,,jubaoliang,,,,,,,,,,,项目成员,否
973,EGA智能起量系统,https://teko.woa.com/event/ai-agent/973,,CDG-广告营销服务线-商业推荐部,,jeremydong,"bridgetchen, alanjftong, arthurhzhu",95,"1、采用了langgraph和反馈进化技术
2、针对ToC业务有推广意义，整体框架可借鉴性强
[计算广告新进展]​广告端到端学习框架​EGA-V1
2025年8月14日 — 序列建模在用户兴趣捕捉​和物品表征中起着关键作用。 ... 假设m=10、mc​=2、N= 10^5 、L= 10^3 、 N_c ​=100，MIF仅需早期融合1/10^4 的计算量（FLOPs）和延迟 ...","2、是否有采用开源框架，具体框架和技术是什么
有采用开源框架, 业务上使用了dify和langGraph, 通过dify做了诊断助手, 通过LangGraph执行业务系统的操作和反馈Agent进化. 评委能体验的只有前半部分",基于Agent的营销对象冷启策略框架设计,,,,,,体验链接,否
982,webAssistant,https://teko.woa.com/event/ai-agent/982,,IEG-内容生态部,,boltzou,,,,,,,,,,,"体验链接, 项目成员",否
983,智能素材投放,https://teko.woa.com/event/ai-agent/983,https://avatar.fit.woa.com/llm-chat/28zy,CDG-支付基础平台与金融应用线-支付金融平台与数据部,,kaizenfang,"yechunwei, zenhaoxu, challenwang",,,,,,,,,,,否
989,广告转化链路识别智能体,https://teko.woa.com/event/ai-agent/989,,"CDG-广告营销服务线-商业数据部,TEG-安全平台部",,txtingwang,,,,,,,,,,,"体验链接, 项目成员",否
993,AI助力数据关联关系挖掘,https://teko.woa.com/event/ai-agent/993,怎么发现更多有价值的关联关系？让无监督算法和大模型来帮你！,IEG-光子工作室群-量子工作室,,zimoding,"charlieye, wadepxie, hongruizhou",,,,,,,,,,,否
995,智能问数智能体,https://teko.woa.com/event/ai-agent/995,,"CSIG-通途数据中心,CSIG-CSIG质量部","CSIG-通途数据中心,CSIG-CSIG质量部",ljmengliu,"zyongzhao, ptingli, jevonguo, jensenwei, georgeliao, carlxyzhang, magyang, adnanchen",,,,,,,,,,体验链接,否
999,特征检索agent,https://teko.woa.com/event/ai-agent/999,,CDG-广告营销服务线-商业数据部,,cocoxyyang,"leilaxu, nealcai, markzbgong, kylenjwang, juliasong",,,,,,,,,,体验链接,否
1005,TCE接入Agent,https://teko.woa.com/event/ai-agent/1005,,CSIG-云产品一部,,yaweihuang,"xianglotian, soleilhuang",,,,,,,,,,体验链接,否
1006,PUBGM WOW 智能助手,https://teko.woa.com/event/ai-agent/1006,https://www.pubgmobile.com/HK/home.shtml,"IEG-光子工作室群-量子工作室,IEG-IEG Global-Data&AI Group",,zimoding,"felixqi, alanliang, brucewu, trevorjiang, grissomshen, linacatchen, yintaoxu, v_hyuywang, alexjlzhang, lilyliguo, masonqliu, edenlei, nearyan, andreihuang, cloudxiong, caligozhang, hanssheng",,,,,,,,,,,否
1008,拾光回忆录,https://teko.woa.com/event/ai-agent/1008,,PCG-PCG技术与内容平台-公共数据科学部,,jamesxfbai,"zhenbinluo, efrenli, jaredwei, porterzhong, sophiejwang, chanyujiang",,,,,,,,,,体验链接,否
1012,数据库知识Agent,https://teko.woa.com/event/ai-agent/1012,,CSIG-云产品一部,,dirkjin,"kiwixiong, yeeechen, lawrencexie, averiewang, aleronwang, wlleiiwang, lynzou",,,,,,,,,,体验链接,否
1017,OVB智能数据助手小π,https://teko.woa.com/event/ai-agent/1017,https://oval.woa.com/xiaopai,PCG-在线视频BU-在线视频数据科学部,PCG-PCG技术与内容平台-大数据平台部,ansonye,"abaozeng, abtan, andyttwang, ansonye, averyjzhang, bertgong, byronhu, caipingfang, carrliu, changdaxiao, chloeeyu, chuheli, colinqguo, daruijia, haitaoyou, hannahye, haoranjing, hellowang, hunterkong, ikenglin, jasperren, jesperliu, jiaoerliu, kentonli, kylekaixu, liduanqin, nickhui, pzpzpzzhang, qubitzhang, rickyhuo, ridxiong, seasonzhou, shuaiiwu, skyswpan, tinghaojia, traceytang, tristacchen, victorvzhao, weldonchen, wenqiwu, xmxiong, yuchenyang, zenoli, zhuoranzhen, zhuoyinglin",,,,,,,,,,,否
1021,视频号文案红点爆款审核提效,https://teko.woa.com/event/ai-agent/1021,,WXG-视频产品部,,walkertian,"givenzhang, rgchen, lisiqiu, youronhuang, yamylan, shapxinye, xiaoleiwang, jadeyjwang, jerriehou, xianfejiang",,,,,,,,,,体验链接,否
1024,微信支付AI开发助手,https://teko.woa.com/event/ai-agent/1024,https://support.pay.weixin.qq.com/aidevhelper,WXG-微信支付线-商户产品部,CSIG-云产品四部,darcyhu,"devinghou, ryanrshao, rizenguo, donaldcen, tracysong, ericjhli, carollchen, shuoweiwu, mustangmo, tobiazhang, emmetzhang, prainliu, tengxunhe, rakuwang, willpang, gamyhuang, jessiejwli, suboyang, sjjwwang, ericffan",,,,,,,,,,,否
1025,设计稿→可合并代码，AI全流程,https://teko.woa.com/event/ai-agent/1025,,WXG-企业微信应用部,,donglinchen,,50,"1、无法打开
2、设计稿转界面的技术和agent较多，以及开源实现",,,,,,,,"体验链接, 项目成员",否
1029,方言语料自动采集系统,https://teko.woa.com/event/ai-agent/1029,https://adp.cloud.tencent.com/adp/#/app/knowledge/app-config?appid=1958778301535923264&appType=knowledge_qa&spaceId=default_space,CDG-可持续社会价值事业部-技术生态部,"CDG-可持续社会价值事业部-为村发展实验室,WXG-技术架构部,WXG-基础产品部",iriswong,"chriswjliu, danieldli, henrywwang, hsinfan, joyhhe, kathleenliu, lanezli, lycheeyli, magnuschen, namixiao, neilingwang, ruiitang, sandylan, seanxzzhang, wheatzzhang, windlin, quannazhang",,,,,,,,,,,否
1030,叮-位置服务售前专家agant,https://teko.woa.com/event/ai-agent/1030,,CSIG-地图产品部,,zhuoranchen,"leohhzhuang, walterwyang, hdzzuo",,,,,,,,,,体验链接,否
1031,私有化AI运维助手,https://teko.woa.com/event/ai-agent/1031,https://znyw.woa.com/chat/history,CSIG-云技术运营服务部,,lvanywang,"huanxiong, aidenmwang, jamleeli, haroldrzhao",,,,,,,,,,,否
1032,AI 高考通,https://teko.woa.com/event/ai-agent/1032,https://browser.qq.com/ai-agents?agent=gaokao,"CSIG-搜索应用部,CSIG-信息平台与服务线-搜索及内容产品中心","CSIG-信息平台与服务线-用户体验设计部,CSIG-CSIG公关部,CSIG-CSIG市场部,CSIG-信息平台与服务线-供需平台部,CSIG-信息平台与服务线-平台产品部,CSIG-信息平台与服务线-业务发展中心",qiyueli,"aliciama, allsochen, altenli, andyflyliu, aniballi, anjingshen, arvenwang, benjizhou, bokeyqi, brollanli, bytewei, camilakhliu, candijiang, cassiecwang, cecezou, cindykwang, cissiechu, clixqiu, congelhuang, conlinbao, conorzhang, cosmoszhao, daisychen, danieljfeng, dawenli, elroychen, evanyiu, fansonchen, fanvfan, fbhuizhao, felicityuan, finegao, fishuzhang, fredhbliu, gordeanlei, haohaoxu, haorantang, hayleewang, heatherma, hixinhe, hodgeliang, iessicaliu, irenejfli, iriswywang, ivanqu, jackiezhou, jadeycchen, jamesbai, janninewang, jasonjxliu, jayejywang, jellezjli, jesangliu, jessiejielu, jimmybzhang, johnrickli, josephinehe, josiexxiong, judypang, karenkang, kavehzhou, lanlanliang, leobu, leolwang, leontiliu, lightwwang, lightyao, lilianllli, lunacylu, lxcheng, lyciuszhang, lydisun, maisieren, makinochen, mikemi, mingetian, miyalliu, mookfeng, nadila, nathangao, nikiluo, nilinili, novajiang, oceanfeng, octozhang, owarheatliu, patphwang, patrikchen, paulinepeng, peijiqiu, pizyzheng, qianqzhang, qiyueli, qwqomo, raybdzhou, raywzhou, renaning, rooniewang, russelldeng, serenashen, shadowcao, shuaiilu, snowyxie, sveinzhang, tabbhe, teddylu, tedliangli, tevenxu, thiagoxu, tinshuang, tracycgong, treefu, vespayang, vickiywchen, v_ffylu, v_zhaoleili, wanchunzhuo, wentaohou, willemjiang, windyzheng, xdshang, xelliezhang, xshellyyang, xtinachen, yachnexu, yanawwwang, yanimo, yanqihuan, ydyyang, yecoirzhao, yeqin, yhhhli, yitinghuang, youchunzhou, yutengbian, zhenweizhang, zheyudong, zhuoyingmo",,,,,,,,,,,否
1035,赛博科学家：一站式AI科研助手,https://teko.woa.com/event/ai-agent/1035,http://21.6.160.180:7860,CSIG-生命科学实验室,,lukatang,"owenbhe, gelseywang, lqszchen, jianhuayao",,,,,,,,,,,否
1036,门店通—门店营销AI助手,https://teko.woa.com/event/ai-agent/1036,,TEG-数据平台部,,jinbaozhang,"jihongzhang, jimxiao, mingxuliu, alfredphliu, jamesrhxie, kunkzhu",,,,,,,,,,体验链接,否
1042,无人值守AI智能助手,https://teko.woa.com/event/ai-agent/1042,,CDG-广告营销服务线-商业运管部,,sidneychen,"iriswen, colozou",,,,,,,,,,体验链接,否
1043,客诉智能分析平台,https://teko.woa.com/event/ai-agent/1043,,CDG-支付基础平台与金融应用线-支付平台研发部,,toonychen,"celiafeng, ramanzhu, tigerlan, xinfeili, hyshen",,,,,,,,,,体验链接,否
1047,T-Audit,https://teko.woa.com/event/ai-agent/1047,,S2-审计监察,,markplli,"yomonchen, chrissfhe, lekaizhu, seanjsong, sodatang",,,,,,,,,,体验链接,否
1049,Lily金融助手&深度研究,https://teko.woa.com/event/ai-agent/1049,https://fit.woa.com/lily,CDG-支付基础平台与金融应用线-支付金融平台与数据部,"CDG-支付基础平台与金融应用线-证券产品部,CDG-支付基础平台与金融应用线-财富管理部",benshwu,"abwu, arhatliu, bobbiizhang, breezehuang, daidaiwu, delorestang, deniellelin, elanlin, haoshen, herrickchen, howzhao, jecklin, jorywang, lobbyluo, mtyytang, qiufangying, saintwen, sukeychao, tracehuang, zyuanwang, maplelin",,,,,,,,,,,否
1054,叮小灵,https://teko.woa.com/event/ai-agent/1054,,CSIG-地图产品部,,natalizhang,"hdzzuo, leohhzhuang, egbertshen, feiyuli, guanghuiye, huajiang, hunterfang, jasonzcheng, kylocao, leogguo, lucienshi, mingmingyu, simomliu, sissiepan, wkzzhang, wulinsong, zhenyzhang, falcontian, binlyli",,,,,,,,,,体验链接,否
1057,TCase测试智能,https://teko.woa.com/event/ai-agent/1057,,TEG-云架构平台部,TEG-云架构平台部,seagullliu,"zhuofuliu, cherrieshi, haileylian, mandymtli, wecui, jerrydou, martinskxu, allenswluo, luyyhu",,,,,,,,,,体验链接,否
1058,bayes legal,https://teko.woa.com/event/ai-agent/1058,https://bayes.app.fat.woa.com/,S1-金融法律合规部,,sivanxu,"ingridgu, lianglei, louismeng, chrisycwan, effylu, jayojyli, stephzjli, yizhuowang, foggyzhong, irenecong, eunicedai, felixliao, ruikcui, sarahjchen, zoeyizuo, juneyzhu, lestersun, melodylanli, selinawwang, jonpchen, smartczhang, noracwang",,,,,,,,,,,否
1060,客诉分析agent,https://teko.woa.com/event/ai-agent/1060,,IEG-IEG Global-Publishing Tech Hub,,ziyizychen,"fannnnzhang, zhaoyuwang",,,,,,,,,,体验链接,否
1061,智能营销助理,https://teko.woa.com/event/ai-agent/1061,,TEG-计费平台部,,johannachen,,,,,,,,,,,"体验链接, 项目成员",否
1063,小途灵析AI,https://teko.woa.com/event/ai-agent/1063,【悟空智能体】,"CSIG-通途数据中心,CSIG-CSIG质量部","CSIG-通途数据中心,CSIG-CSIG质量部",jensenwei,"adnanchen, carlxyzhang, fredaali, georgeliao, jevonguo, johuang, ljmengliu, magyang, randiyang, zyongzhao, ptingli",,,,,,,,,,,否
1064,悟空代码安全Agent—简化版,https://teko.woa.com/event/ai-agent/1064,,TEG-安全平台部,,moomichen,"koalazheng, zalezhang, slamhu, kekelian, ciuwaalu, atoneduan, jordanhou",,,,,,,,,,体验链接,否
1067,AI PPT,https://teko.woa.com/event/ai-agent/1067,,PCG-社交平台与应用线-社交协作产品部,,rongodzhang,"grapepeng, jessiegeng, joeechen, kakaqian, maopeng, reynwang, ryanypeng, muguan, tensorchen, genejyyin, rowanxie, carlsonzhao, hurryli, qiyuanxing, ruiqitan, siranxu, akitozhang, asynctlv, dayowu, dennisxu, feixiong, jacobwang, johnnydai, keepxing, klinwang, kuanggu, leoricxu, lipfanliu, lookchen, milymiwang, nickzydeng, plutoxiong, stevenyzliu, wikijin",,,,,,,,,,体验链接,否
1068,私有云文档写作助手,https://teko.woa.com/event/ai-agent/1068,,CSIG-云产品一部,CSIG-云产品四部,tylerccwang,"tiffinyzhou, samyonghe, sunnyzhai, luminkong, lowinwu, devinshi",,,,,,,,,,体验链接,否
1069,集团安全智能运营,https://teko.woa.com/event/ai-agent/1069,http://9.208.17.36:8081/tasks,CSIG-安全产品三部,,qiitao,"selinasong, renardren, sharpenchen, ramosli",,,,,,,,,,,否
1071,体育大聪明一站式AI观赛助手,https://teko.woa.com/event/ai-agent/1071,应用市场下载最新版腾讯体育APP，在比赛底层页、搜索框、底Tab、评论区等入口即可体验。（底Tab入口请联系marksi添加实验白名单）,PCG-在线视频BU-在线视频产品部,"PCG-PCG技术与内容平台-工程效能平台部,PCG-在线视频BU-MXD用户体验设计部,PCG-在线视频BU-AI影视表达工作室",marksi,"dequanzhu, uzukizheng, penfeiwang, pitechen, harveyfeng, luiscsliu, fredcui, mengtianjin, skycxu, yudongjin, donnyma, yongjozhang, expzhang, dakundong, hankyang, zhdongsong, nicknzhao, canacezhang, yarahong, v_yunfcui, tmacyuan",,,,,,,,,,,否
1072,大模型护照智能审核服务,https://teko.woa.com/event/ai-agent/1072,微信钱包->身份信息->更新实名(或立即认证) ->选择证件类型(护照) -> 上传人像资料页面 -> 从手机相册选择,CDG-支付基础平台与金融应用线-支付平台研发部,"CDG-支付基础平台与金融应用线-支付平台研发部,CDG-支付基础平台与金融应用线-支付金融平台与数据部",tigerlan,"hyshen, fionahuang, kenjkpeng, amandzhang, jazmineli, xizhou, marinawang, donnerliang, casiohu, hildayang, heidizhang, yanbinghu",,,,,,,,,,,否
1073,LH-Trace日志分析助手,https://teko.woa.com/event/ai-agent/1073,http://21.215.6.248:8080/c/8a61bdc8-bf59-4c64-a832-7e70c33ac3d9,CSIG-云产品一部,,yuehuali,"claudechen, xinqishang, hakunaliu, laurenanyan, masonxhuang, morrisduan, kylexli, largezhou",,,,,,,,,,,否
1076,计算运营数据AI助手,https://teko.woa.com/event/ai-agent/1076,,CSIG-云产品一部,,elisedai,"bingbingxu, lesliesqma, vincejin, tornadoxie, gracecui, wechen, lewiszeng",,,,,,,,,,体验链接,否
1078,出海合规助手,https://teko.woa.com/event/ai-agent/1078,,CSIG-政企客户成功中心,,frankechen,"samanthama, barryzhang",,,,,,,,,,体验链接,否
1079,智能文档审查系统,https://teko.woa.com/event/ai-agent/1079,,CSIG-云产品一部,CSIG-云产品一部,ziongzhang,"jubaoliang, kaioji",60,"未明确技术方案，但整体完成度较低
1、支持文档类型较少，只支持md，整体完成度低，市面类似产品和开源产品较多
2、处理速度慢，进度提示不丰富，只有整体进度
3、支持的文档长度较短，提示报错：The input (84802 tokens) is longer than the model's context length (40960 tokens).",开发的系统，steamlit？,http://9.135.182.156:8003/static/tasks.html,,,,,,体验链接,否
1080,Midas智能监控,https://teko.woa.com/event/ai-agent/1080,https://hunyuanaide.taiji.woa.com/web/llm_task_dialogue?id=19783&type=normal&redirectUrl=%2Fweb%2Fllm_task%3FwsId%3D10144%26pageIndex%3D1&wsId=10144,TEG-计费平台部,TEG-计费平台部,sungong,"leyipeng, rickfeng",,,,,,,,,,,否
1081,王者共创投稿AI审核,https://teko.woa.com/event/ai-agent/1081,,IEG-公共数据平台部,IEG-天美工作室群-天美市场中心,rikliu,"graceyguan, vickilin, kylinguo, zhihongyang, zongnanxiao",40,"1、缺乏指导，体验链接和体验不显著
2、缺技术架构说明",,https://view.officeapps.live.com/op/view.aspx?src=https%3A%2F%2Ftechmap-product-1258344706.file.myqcloud.com%2Ffile%2Fd2c11fda-b305-4039-8b8e-51f975a90b66.xlsx&wdOrigin=BROWSELINK,,,,,,体验链接,否
1083,鹅厂党建小助手,https://teko.woa.com/event/ai-agent/1083,,"S3-党群工作部,TEG-云架构平台部",,carlieqiu,,,,,,,,,,,"体验链接, 项目成员",否
1089,QQ浏览器信息流AI评论,https://teko.woa.com/event/ai-agent/1089,,CSIG-信息平台与服务线-应用技术部,CSIG-信息平台与服务线-搜索及内容产品中心,hughzhu,"alieyu, lucyji, windyzheng, cocoludeng, sevenhtang, ceonzhao, iannjin, jamsluo, ruiwentao, hewittwang, leobzhang, yannizhang",,,,,,,,,,体验链接,否
1093,电销全流程增效Agent,https://teko.woa.com/event/ai-agent/1093,AI质检培训材料,CSIG-云产品四部,,joyejiang,"davettang, easonmma, jackjchou, lawtonliu, ninggyang, oliverlliu, rayllliu, rrachelwang, terrencelli, thomenyang, wesperhuang",,,,,,,,,,,否
1094,天御金融反电信网络诈骗智能体,https://teko.woa.com/event/ai-agent/1094,,CSIG-安全产品二部,"CSIG-安全产品二部,CSIG-云产品四部,CSIG-CSIG质量部",jonathanguo,"aaronwwu, barryssong, chaoweicai, elanliu, emberzhao, fordfeng, fungliang, jeeryli, jimmyjli, joelai, kathyyzhang, lichlli, lincolnchen, rongrwwang, shijiedeng, tengrizhang, v_cnqcheng, v_llvhuang, ximizheng, zoniaczhong, kevinnlong, miyawwang, qshandai, vensontao, ethancli, alphachen, chrisccai, neojianchen, zoeylu, miphaqiu",,,,,,,,,,体验链接,否
1096,万人大会线上体验agent,https://teko.woa.com/event/ai-agent/1096,,CSIG-CSIG市场部,,gawainou,"garygyfang, tonyyuwang, qiaoanzhu",,,,,,,,,,体验链接,否
1097,供应订单智能运维平台,https://teko.woa.com/event/ai-agent/1097,,CSIG-云采购供应管理部,CSIG-云采购供应管理部,gallopxiong,"haoyunzheng, lancetang, kaiserlli",,,,,,,,,,体验链接,否
1103,工蜂 AI CR Agent,https://teko.woa.com/event/ai-agent/1103,,TEG-研发管理部,,jingyiwang,,,,,,,,,,,"体验链接, 项目成员",否
1105,AI智能生成文档后台接口用例,https://teko.woa.com/event/ai-agent/1105,https://gytest.wwitil.woa.com/magiccube/welcome#/autotest/servemodule/moduledetail/2846/xmsmartsheetservice/%E6%99%BA%E8%83%BD%E8%A1%A8%E6%A0%BC%E5%93%81%E7%B1%BBcgi%E6%9C%8D%E5%8A%A1%E5%85%A5%E5%8F%A3,WXG-企业微信应用部,,lpslin,lpslin,,,,,,,,,,,否
1108,微信公众号AI分身（智能回复）,https://teko.woa.com/event/ai-agent/1108,,TEG-大语言模型部,,dimitriyu,,,,,,,,,,,"体验链接, 项目成员",否
1109,内容安全Agent,https://teko.woa.com/event/ai-agent/1109,http://11.219.11.58:80,WXG-运营平台部,,huanqinwu,"bojiehu, yangxiasong",,,,,,,,,,,否
1110,QBoost智能平台,https://teko.woa.com/event/ai-agent/1110,https://qboost.woa.com/,PCG-社交平台与应用线-社区产品部,PCG-社交平台与应用线-社区产品部,boboxiong,"alvintliu, redyan",90,"1、类似于coze和dify的平台，缺乏详细指导书
2、集成了触发器和企微机器人",,"https://qboost.woa.com
https://iwiki.woa.com/p/4009606573",,,,,,,否
1111,公域垂媒分析助手,https://teko.woa.com/event/ai-agent/1111,,"CSIG-智慧出行事业部,CSIG-云产品三部",,irisxxzhao,"xueyuanzong, easonqiu, congkunzhu, cedricfu, judyni, adrianltli",,,,,,,,,,体验链接,否
1113,Brand Safety,https://teko.woa.com/event/ai-agent/1113,,IEG-IEG Global-GaaS Tech Group,,sunjoohwang,,,,,,,,,,,"体验链接, 项目成员",否
1115,03助手,https://teko.woa.com/event/ai-agent/1115,https://03.woa.com/chat,PCG-PCG技术与内容平台-应用架构平台部,PCG-PCG技术与内容平台-应用架构平台部,zeronezhang,"jessemjchen, yuxanghuang, caipeng, adenshen, barryfwu, bochenchen, galaxyji, huiyongchen, joeyzhong, kaynzhang, lioncfliu, lucazhou, martianliu, minchangwei, nanjianyang, rainyu, raylchen, robinmei, shilianglu, suziliu, wineguo, yingzishao, shadowding, baciiipan",,,,,,,,,,,否
1116,星脉高性能网络智能化运营,https://teko.woa.com/event/ai-agent/1116,https://netagent.woa.com/,TEG-网络平台部,,ankerchen,"cesczhang, hensonlin, jaydenxiao, joyxeechen, laineyluo, noradcai, veozhang, vickkylu, plankwang, francisplhe, findzyxu",,,,,,,,,,,否
1118,腾讯云主机安全智能溯源助手,https://teko.woa.com/event/ai-agent/1118,http://localhost:2024,CSIG-安全产品三部,CSIG-安全产品三部,falcoke,"cghou, yhaoyuyang",,,,,,,,,,,否
1119,合同智能起草,https://teko.woa.com/event/ai-agent/1119,,S2-财经IT管理部,S2-风险管理和内部控制,sunnyylyang,hikowu,,,,,,,,,,体验链接,否
1122,AI辅助应用合规审核与质量巡检,https://teko.woa.com/event/ai-agent/1122,,PCG-商业产品部,PCG-PCG技术与内容平台-工程效能平台部,hockeyli,"jimluo, milesxia, sarahuang, burtlong, jjgan, jolynjiang, johnhjzhong, tritonzhang, sixwang, zhiwuliu, jornezhou, sumsumliang, v_zdeluo",,,,,,,,,,体验链接,否
1123,TCS-Agent,https://teko.woa.com/event/ai-agent/1123,,CSIG-云产品一部,,cocoqlwang,"bottlebthu, hongxiliu, joejunchen, wenhanqiu",,,,,,,,,,体验链接,否
1124,对象存储智能专家,https://teko.woa.com/event/ai-agent/1124,https://ag.woa.com?agentId=308,CSIG-云产品一部,,luciayzjia,bronwang,,,,,,,,,,,否
1126,QQ官方AI伙伴“小Q”,https://teko.woa.com/event/ai-agent/1126,QQ 官方 AI 伙伴 “小Q” 体验指南,PCG-社交平台与应用线-AI应用产品中心,"PCG-社交平台与应用线-社交平台产品部,PCG-社交平台与应用线-社交用户体验设计部",kedeng,"asulewang, autozhang, biyinghe, carili, cloristian, dreamqian, fupinghuang, genglin, georgefu, greatgao, hongyuewang, jameszhou, jasonbwwu, jeannewoo, jerkoffliu, jimzang, johnshuang, kedeng, kenaiyu, lairdchen, lemanzhang, leoqlin, louiechen, mabelzhang, mambaxie, mandozhang, mingweiding, nebulawu, neilzrzhang, neoswang, nitezhang, oliveryhwu, onewang, raymonddeng, raymondguo, rclin, rianli, riojdai, ruirjji, shannonchen, shirlyzhao, sophiasong, sparkyu, teasqlin, trentinchen, walli, wenzeyang, yifanzzhou, yitingtsai, yuchiyao, yunfanhu, zachke, zhanyixiao, zhiweisu, zhongbeitan, ziweibai, zorazwang",,,,,,,,,,,否
1135,「腾讯探元」AI文博助手智能体,https://teko.woa.com/event/ai-agent/1135,微信小程序搜索「腾讯探元」,CDG-可持续社会价值事业部-数字文化实验室,CDG-可持续社会价值事业部-技术生态部,ericjing,"andypianwu, aineli, gavinyan, aarondsshi, chelseaxie, sevenshu, brantli, ciccizhang, hsinfan, daisyvvtang, jacobyzhang, sammiexu, seanxzzhang",,,,,,,,,,,否
1137,TripGO(即刻出发),https://teko.woa.com/event/ai-agent/1137,,S2-财经IT管理部,S2-财会及报告管理部,keliye,"paulnwang, erikbi, fightywang, laresyang, wuxingfeng, mingxuanlu, artonyu, amyyao, doreendli, daphnexu, colinouyang",,,,,,,,,,体验链接,否
1142,智能顾问-AI赋能云上架构治理,https://teko.woa.com/event/ai-agent/1142,,CSIG-云技术运营服务部,,georgzhang,"ainsleypei, fisherhhyu, futureliu, jessiexxu, mtouyang, sunnielv, symonxu, xxcxu, tairyao, eevanzhang, dongqin, pumbaahu, springyyang",,,,,,,,,,体验链接,否
1144,「审小包」广告审核智能小助手,https://teko.woa.com/event/ai-agent/1144,,CDG-广告营销服务线-商业运管部,,arvinmeng,"teetang, bondlin, davidfzhang, fiffypeng, gcchaoguo, kershinzhu, kxingzhang, tianyluo",,,,,,,,,,体验链接,否
1149,腾讯云智能客服,https://teko.woa.com/event/ai-agent/1149,https://cloud.tencent.com/online-service?from=connect-us&Is=sdk-floatbar,CSIG-云技术运营服务部,,gavrielliu,"ailanzhou, albertyyang, alexzmzhang, ashleyxie, cavellli, chrisren, greenyzhang, joskazhao, junhuideng, lizhenli, scalezheng, sshyfeng, uli, xianzou, xxcxu",,,,,,,,,,,否
1151,企微文档用户反馈自动定位,https://teko.woa.com/event/ai-agent/1151,,WXG-企业微信应用部,,ivanxfjiang,"derekliao, steephenliu",,,,,,,,,,体验链接,否
1152,修仙科普短篇一键生成,https://teko.woa.com/event/ai-agent/1152,,IEG-国内发行线-V7产品部,IEG-增值服务部,leiisun,"agihaochen, bobyzhang, derekghchen, diracxu, hawkchen, nealzzhang, stevenhan, wynneli, xinrongqin, wenhaotao",,,,,,,,,,体验链接,否
1156,数据标准化-maas大模型版本,https://teko.woa.com/event/ai-agent/1156,,CSIG-安全产品二部,,sofiazhao,marlonliu,,,,,,,,,,体验链接,否
1157,数据标准化-maas大模型版本,https://teko.woa.com/event/ai-agent/1157,,CSIG-安全产品二部,,sofiazhao,marlonliu,,,,,,,,,,体验链接,否
1160,通用自演进Agent,https://teko.woa.com/event/ai-agent/1160,https://alma.woa.com/,TEG-AI Lab,TEG-数据平台部,michaelcqin,"sunwaysu, minyicheng",,,,,,,,,,,否
1162,DDOS攻击包分析,https://teko.woa.com/event/ai-agent/1162,http://dify-ai.woa.com/chat/uS9QY3CyJw5iz4lr,CSIG-云技术运营服务部,,yaslhuang,"carywang, kenjhgao, odaywang",,,,,,,,,,,否
1165,支付凭证验真Agent,https://teko.woa.com/event/ai-agent/1165,,S2-财经IT管理部,,shizhao,,,,,,,,,,,"体验链接, 项目成员",否
1168,With,https://teko.woa.com/event/ai-agent/1168,,TEG-研发管理部,,shinnyhuang,"polopei, emilyma, alexwentong, baynejiang, carlottali, cylhuang, dbcchen, dextertan, elricchen, ginshu, haifangwang, harpergao, jameslee, jingboma, jonahhuang, jonnytang, laryli, lenalin, lovevili, maplehfzhou, marcelhuang, montionye, pinebi, proxyjiang, qiankunfan, qihangyang, rickiewang, samongzhang, shaowenyan, sisiychen, tobyzhai, vickyztzhu, vignywang, xenoli, yanniewang, yanniexu, yanniswang, yueuezhang, yuhaozhou, yumengwang, zhichenglu, zhipenglai",,,,,,,,,,体验链接,否
1169,合规检测GUI Agent,https://teko.woa.com/event/ai-agent/1169,,PCG-PCG技术与内容平台-应用架构平台部,,jairochen,"wilderwang, carlmli, jonaswu, peishengxia, qianyucheng, fellexhe, cliffyan, carianchen, jayceli",90,"1、手机端检测，小模型
2、场景可推广型强
3、缺乏操作指南和使用手册","1、是否有采用开源框架，具体框架和技术是什么
目前ocr使用了百度的paddler，图标是yolo做的小模型
2、框架后续是否可开放用于推广复用
会将手机操作的mcp层独立出来复用，整个框架也会公开出来方便大家自己定义检测项目",副本-GUI Agent QECon2025北京站,,,,,,体验链接,否
1170,天穹helperAI智能助手,https://teko.woa.com/event/ai-agent/1170,https://taiji.woa.com/web-llm/web/match_tryModel?id=19876&wsId=11607,TEG-数据平台部,TEG-机器学习平台部,alenawu,"colinhhfan, darronfang, ethansyliu, huiruan, jakowen, linkatan, shimerhe, tatema",,,,,,,,,,,否
1172,赛博医院：你的专属AI医疗团队,https://teko.woa.com/event/ai-agent/1172,http://9.135.217.78:7860,CSIG-生命科学实验室,,lqszchen,"lukatang, owenbhe, gelseywang, jianhuayao",,,,,,,,,,,否
1176,DataPocket数据智能,https://teko.woa.com/event/ai-agent/1176,,IEG-公共数据平台部,,prentissli,"katelang, qingminli, spikesi, gaffliu, chanceli, dragonchen, maolilai, billzheng, barramhong, beckyu, endrewzhang, johnzhi, kangji, khalidyang, reuszeng, ryanye, shawliang, shitaopeng, socketwang, tahongshen, yanhuahou, yesendong, livewang, lalicezhang, zihuigu, nikili, farmlan, blaneli",,,,,,,,,,体验链接,否
1181,DeepTest UI自动化测,https://teko.woa.com/event/ai-agent/1181,https://zhiyan.woa.com/qta/17300/qta/#/p/17300/qta/report/294633894/testsolar/report/detail?namespace=qta&name=260148648-0b32cc9,CSIG-CSIG质量部,,erweiwang,"shadowyang, zuhaowei, peterxiong, jaylerliu, kaydai, baderliang",,,,,,,,,,,否
1182,广告人群挖掘助手,https://teko.woa.com/event/ai-agent/1182,,CDG-广告营销服务线-商业平台部,CDG-广告营销服务线-泛生态业务部,zeminmiao,"qinganfang, peggyygeng, sherryji",,,,,,,,,,体验链接,否
1184,忍者企鹅AI,https://teko.woa.com/event/ai-agent/1184,,"IEG-光子工作室群-量子工作室,TEG-AI平台部","IEG-IEG Global-Data&AI Group,IEG-IEG Global-PUBGM Publishing,IEG-基础技术产品部",zimoding,"alanliang, alberthwu, ashleyjchen, benderzhao, boyudi, brydenzhang, chaseryang, chilynnxie, deferzhou, dorishzxiao, edenlei, ehmli, elibu, evanzhye, fangyunzhou, feliciagao, freemanfang, gennyjiang, haibinzhou, heeroli, hengyupan, honglinzhu, huberyxu, ikechen, jansonzhan, jasonjcsong, jerryyuan, jingjiawang, joeyxiong, jonnytan, justinlv, kantxu, keanewang, leobliu, leonfu, leoyhou, lukejguo, madelynyang, masonjchen, mingangzhou, moriwang, neronzhang, paimonzheng, ritchiezhao, roganliu, royqiu, sallensun, shuangteng, simbahu, simonfang, stevehguo, steveyyang, sysuzehuawu, tooyang, watsonwang, wenge, wenxizhu, willyang, wilsonli, xiangzhuang, xiyangji, yinsong, yiweigong, yohunawu, ysunlin, zhezhu, zijianzhang, alexjlzhang, cloudding, kylecyzhang, lilyliguo, sherlyzydou, v_blfliao, v_bmdxu, v_bwqliang, v_ftfaysal",,,,,,,,,,体验链接,否
1186,影视素材智能剪辑agent,https://teko.woa.com/event/ai-agent/1186,,PCG-在线视频BU-智能创作与内容平台部,,chanzhou,,,,,,,,,,,"体验链接, 项目成员",否
1191,【和平精英】明星AI队友,https://teko.woa.com/event/ai-agent/1191,,IEG-光子工作室群-S工作室,IEG-光子工作室群-光子技术发展部,elitang,,,,,,,,,,,"体验链接, 项目成员",否
1192,【和平精英】全场景AI小秘书,https://teko.woa.com/event/ai-agent/1192,应用市场下载和平精英，游戏大厅左下角【吉事通】可以体验,IEG-光子工作室群-S工作室,IEG-光子工作室群-光子技术发展部,elitang,,,,,,,,,,,项目成员,否
1199,企业微信私域服务AI助手,https://teko.woa.com/event/ai-agent/1199,,TEG-客户服务部,,maybezhou,"jojohzhang, tenrronelli, rochellehan, kikoyan, jasonnhuang, jackyqhong, thewang, linceyliu, lumizeng, yukiytzhou, martintian",,,,,,,,,,体验链接,否
1200,桃源萝夫子智能NPC,https://teko.woa.com/event/ai-agent/1200,桃源智能NPCdemo.mov,IEG-公共数据平台部,IEG-国内发行线-V6产品部,rosielyuan,"bayzhao, bobbiexuan, brucejzhang, carlzmzhang, carrickliu, cicyqiao, jsonzhliu, kismetzhang, qizailiu, raylzhang, richardfeng, vinjinwang, wakeshao, yoyooluo, yuliangshen, zerochen, zixunsun, yanshili",,,,,,,,,,,否
1202,混元AI播客Agent,https://teko.woa.com/event/ai-agent/1202,,TEG-大语言模型部,,nickmysong,"moonzheng, mosssewang, magnumyang",,,,,,,,,,体验链接,否
1203,SmartUI多模态UI自动化,https://teko.woa.com/event/ai-agent/1203,,CSIG-CSIG质量部,CSIG-CSIG质量部,jaylerliu,"jialinlli, baderliang, kaydai",,,,,,,,,,体验链接,否
1205,网络质量分析智能体,https://teko.woa.com/event/ai-agent/1205,https://nn.woa.com/agent_hub/netOperationAgent,TEG-网络平台部,TEG-网络平台部,samwong,"corwinkou, isaacyan, jaycellin, krisjczhang, liamhzliu, masoncai, roclv, victorliu, websterduan, wymanhu, yudianliu, zoeyuzhang",,,,,,,,,,,否
1207,七彩石产品问答和诊断Agent,https://teko.woa.com/event/ai-agent/1207,https://rainbow.woa.com/console,TEG-研发管理部,,kaeljiang,"bowlgao, ervinzhang, haixinshi, oliazheng, orionfang, parkyang, qunshugao, witpeng, eastonhuang",,,,,,,,,,,否
1209,公益项目进展分析报告生成智能体,https://teko.woa.com/event/ai-agent/1209,,CDG-可持续社会价值事业部-公益平台部,,jayefeng,"masonhyli, lianawu, dorislan, chaisxiao, wangyangyu",,,,,,,,,,体验链接,否
1210,<美职篮全明星>智能问答助手,https://teko.woa.com/event/ai-agent/1210,https://21.6.137.62:7927,IEG-国内发行线-体育产品部,,clivesun,"svenshen, rubenhnhu, ezenliu, warezhao, rickenzhang, simontao",,,,,,,,,,,否
1211,AI驱动UI自动化测试,https://teko.woa.com/event/ai-agent/1211,,TEG-网络平台部,,bottlejiang,"xiaohaicai, jianxinyang",,,,,,,,,,体验链接,否
1213,doubleC,https://teko.woa.com/event/ai-agent/1213,,"CDG-可持续社会价值事业部-技术生态部,CDG-可持续社会价值事业部-公益平台部",,maxineqiu,masonhyli,,,,,,,,,,体验链接,否
1215,共富AI,https://teko.woa.com/event/ai-agent/1215,,CDG-可持续社会价值事业部-为村发展实验室,"CDG-可持续社会价值事业部-技术生态部,CSIG-优图实验室,S1-腾讯华东总部",shoulintang,"jessyjjchen, suriwang, barryvwu, annikawang, glenglli, rachelhe, jiamuzili, sophielv, asterpeng, seanxzzhang, ciccizhang, sybil, jacobyzhang, alicellwan, sammiexu, cachi, daisyvvtang, patricksong, jinglexiong, yasmineyu, dewqi, skyhuang, gboghong, elsama",,,,,,,,,,体验链接,否
1219,AI值班巡检排障助手,https://teko.woa.com/event/ai-agent/1219,,PCG-社交平台与应用线-AI应用产品中心,,walli,"jameszhou, leoqlin, louiechen, oliveryhwu, rianli, shannonchen, sophiasong",,,,,,,,,,体验链接,否
1220,电商大促AI小助手,https://teko.woa.com/event/ai-agent/1220,,"CDG-广告营销服务线-商业推荐部,CDG-广告营销服务线-商业平台部","CDG-广告营销服务线-泛生态业务部,CDG-广告营销服务线-广告工程部,CDG-广告营销服务线-商业运管部",darrenguo,"dennisyang, evancyliu, glennahuang, laoguo, lehu, leigangwang, longiesong, lycheexli, mantaywang, maxdiao, mikegjsun, nikoyxlin, nkandyliu, olivialluo, orcaluo, psfu, tianasun, tingzheng, tottizhang, wenxinwang, willfzhao, zhiquntian",,,,,,,,,,体验链接,否
1221,KOL合作风险挖掘Agent,https://teko.woa.com/event/ai-agent/1221,https://adp.cloud.tencent.com/webim_exp/#/chat/zpRTfm,IEG-IEG Global-GaaS Tech Group,,zanelin,"ninghanghu, sunjoohwang",,,,,,,,,,,否
1228,IC-Helper内控合规助手,https://teko.woa.com/event/ai-agent/1228,https://ichelper.woa.com/,"S2-风险管理和内部控制,S2-财经IT管理部",,georgeqjin,"ethanxwang, hikowu, keanuli, sulischen, sunnyylyang, tinarhuang, yaffahuang, yuandongzhu",,,,,,,,,,,否
1229,开悟前端代码生成助手,https://teko.woa.com/event/ai-agent/1229,https://knot.woa.com/chat?web_key=da861e52d7ee454ab6cbdece0fbeb541,IEG-天美工作室群-天美L1工作室,,yutoli,"zianhe, chunpingsun, yuanqinwang, garywen, sauisun, guanghuicai",,,,,,,,,,,否
1230,InfraSec基础安全运营,https://teko.woa.com/event/ai-agent/1230,https://secbuddy.woa.com/,TEG-安全平台部,,bozhongliu,"lukecanli, oldbuddyxin, daveychang, qiuyaosu, shangyuyang, yiiyi",,,,,,,,,,,否
1231,Agent-RED测试小助手,https://teko.woa.com/event/ai-agent/1231,https://dify-ai.woa.com/chat/c1FPbBXmUEy5zm3o,"IEG-魔方工作室群-魔王工作室,IEG-魔方工作室群-技术中心",,willtang,"frozhang, guozizhang, harvienli, maxszhang, oldszhang, rexsliu, sawyerwang, v_abccheng, v_ananxwang, v_nkknkang, yipengwang",,,,,,,,,,,否
1232,商品自动化测评,https://teko.woa.com/event/ai-agent/1232,https://test.gland.woa.com/agent-tools.html,CDG-广告营销服务线-商业数据部,CDG-广告营销服务线-商业数据部,lynchtan,"earvinli, meehomdong, piaoyang, simsonhe, yisuzhong, gordongpan, adairxbwang",,,,,,,,,,,否
1233,开悟D2C Figma插件,https://teko.woa.com/event/ai-agent/1233,https://iwiki.woa.com/p/4016153398 D2C 插件使用指南,IEG-天美工作室群-天美L1工作室,,yutoli,"zianhe, yuanqinwang, sauisun, garywen, chunpingsun, guanghuicai",,,,,,,,,,,否
1234,Bugly AI 问题分析,https://teko.woa.com/event/ai-agent/1234,https://bugly.woa.com/v2/exception/crash/issues/detail?cId=11EC34E9-7739-4D28-9599-8F225483725E&clusterStackType=&feature=1C19AA1CE17846F9C9240A80D99A7398&messageTab=%E5%87%BA%E9%94%99%E5%A0%86%E6%A0%88&pid=2&productId=0aed60cc73&tab=copilot&token=,PCG-PCG技术与内容平台-应用架构平台部,,tianwuwang,"chazezhuang, constwu, lilyxie, maxtaohuang, miraclewu, shacheng, davidhu, jelynwang",,,,,,,,,,,否
1235,微信游戏 - AI游戏战报,https://teko.woa.com/event/ai-agent/1235,https://kalm.woa.com/workflow/jWf9dmU7AtiFFtwV,"WXG-增值业务部,WXG-技术架构部",,shenzhenliu,"asgerzhou, autumnzheng, boxianlai, chetguo, fredren, hannahfang, haolinyan, haozanliang, kaelhuang, kaneqxzhou, kikiruoqili, longpoliu, reggiezhong, rosellemo, sladezhang, twocoldzyin, vikkiqu, willonwao, willswei, yongdailuo, zerolinzhao, zifeishan, zoiwu",90,动态Prompt、Reward System、模型推理,,https://techmap-product-1258344706.file.myqcloud.com/file/96b68205-eb81-4e80-8e1c-6fa7caeda9fb.pdf,,,,,,,否
1237,AI 视频审核,https://teko.woa.com/event/ai-agent/1237,http://dev.dify.itea.woa.com/chat/4flXZaCf19uambqV,IEG-内容生态部,IEG-内容生态部,yiqiuzheng,"xiaolinwang, stefwang, kirahqin, lucienyu, jimcheng",,,,,,,,,,,否
1239,moredb-pgsql,https://teko.woa.com/event/ai-agent/1239,moredb-pgsql体验说明,IEG-天美工作室群-天美L1工作室,,yutoli,"linlai, lincliu, pondasong, marclei, xavierfxiao, xiongpan, xueruizhang, elonnwang",,,,,,,,,,,否
1242,大模型智能文案提效直播红点分发,https://teko.woa.com/event/ai-agent/1242,,WXG-视频产品部,WXG-视频产品部,deonzhou,"alexzyzhu, bliangjiang, danielachen, gavynli, gongyihuang, kikibo, paulhe, rayenchen, sirizheng, tankygao, timdong, yukixywu, winnieshi, jeffreyxie, alangao",,,,,,,,,,体验链接,否
1245,小A助手 (Adata平台),https://teko.woa.com/event/ai-agent/1245,,CDG-广告营销服务线-商业运管部,"CDG-广告营销服务线-商业管理部,TEG-机器学习平台部",rongdou,"andyxbliu, archerli, elsietan, fredmeng, frigoyang, hermosazhu, hypinchi, jackieyin, jairzhu, junyangyao, kadesun, lanxu, lupinliu, markshen, qiizhou, saberqi, saryzhang, seekxu, tayloryu, tommyjli, tomshen, wayzheng, yangpu, yovelaou, zhenhaohu, zofiazhou, asctyzhang",,,,,,,,,,体验链接,否
1250,服采视频优选智能体,https://teko.woa.com/event/ai-agent/1250,https://xd.woa.com/itrpc.xd.aim/#/chat/index?agent_id=N6YJfOoNJqzv,IEG-互动娱乐服务采购部,IEG-IEG品牌与数字生态营销部,sunnyzou,"chenghu, lucienpeng, ludixie",,,,,,,,,,,否
1255,taihu-tgit,https://teko.woa.com/event/ai-agent/1255,taihu-tgit体验说明,IEG-天美工作室群-天美L1工作室,,yutoli,"lincliu, linlai, pondasong, xavierfxiao, xueruizhang, marclei, xiongpan, elonnwang",,,,,,,,,,,否
1256,ppt-agent 自动生成,https://teko.woa.com/event/ai-agent/1256,ppt-agent 自动生成 PPT,CDG-可持续社会价值事业部-技术生态部,,yikazhu,,,,,,,,,,,项目成员,否
1257,服采智能运营小助手,https://teko.woa.com/event/ai-agent/1257,https://xd.woa.com/itrpc.xd.aim/#/chat/index?agent_id=hURAMRlWKT1J,IEG-互动娱乐服务采购部,IEG-IEG品牌与数字生态营销部,sunnyzou,"jonyhuang, kainmao, lucienpeng",,,,,,,,,,,否
1259,软件包自维护Agent,https://teko.woa.com/event/ai-agent/1259,,TEG-云架构平台部,,denisecheng,"zeyouliu, xinlongchen",,,,,,,,,,体验链接,否
1260,端云协同隐私保护智能体HaS,https://teko.woa.com/event/ai-agent/1260,,CSIG-玄武实验室,CSIG-玄武实验室,longgteng,"alohachen, huimingliu, jhdeng, alanxing, reneeliang, tkyu",,,,,,,,,,体验链接,否
1261,内控盖亚AI-风险策略小助手,https://teko.woa.com/event/ai-agent/1261,https://gaiaic.woa.com/Strategy/manage/aiStrategy?business=7,S2-风险管理和内部控制,,nataliao,"jasonxxxliu, xhjiang, blairxu, torreswu, carolluo",,,,,,,,,,,否
1263,智能体营销活动-修仙渡劫模拟器,https://teko.woa.com/event/ai-agent/1263,https://xxsd.qq.com/cp/a20250909xxdjmnq/index_wx.html,IEG-国内发行线-V7产品部,"IEG-增值服务部,TEG-大语言模型部",vanli,"darrenlin, derekghchen, diracxu, stevenhan, yukizhou, v_linyuylin",,,,,,,,,,,否
1264,云知AI——智能售卖助手,https://teko.woa.com/event/ai-agent/1264,https://csig.lexiangla.com/c/ai?company_from=csig,S3-CSIG人力资源中心,"CSIG-企业中台产品部,CSIG-云产品四部,CSIG-CSIG质量部",irisrrtong,"carinahyang, noelwang, scarlezheng, gemmagao, fionayfwang, sibylwang, alexchen, shuyafeng, amideng, roxieqin, handsomwang, roketyyang, jetonzeng, leroli, jackda, brianlin, yvonnezhao, xulongliang, ainleywang, jinyangpiao, chunxli, buqingchen, aallenma, kevinsmu, yannayu, gilgameshli, jerryzqsong, milomli, koltzhou, davilli, victorhuang",,,,,,,,,,,否
1265,混元AI IP分身Agent,https://teko.woa.com/event/ai-agent/1265,,"TEG-大语言模型部,PCG-在线视频BU-平台运营部",,milkyingli,"kimluo, leonliuliu, leozli, pejacktan, yanhewang, yoyorzhang, zakkliu",,,,,,,,,,体验链接,否
1266,财经智能客服(财经小智),https://teko.woa.com/event/ai-agent/1266,wxwork://message/?username=IT热线-财经系统支持;,S2-财经IT管理部,,jackluo,"hikowu, strangeli, sunnyylyang, jackluo",,,,,,,,,,,否
1268,PCopilot:代码评审助手,https://teko.woa.com/event/ai-agent/1268,《PCopilot代码评审助手》体验方式,IEG-光子工作室群-逍遥游工作室,,baohuizhu,"rossliao, sagehan, yukesun, yutazhuang, radlywang, billxiao, xiaoqhu, matthewmma, citruswang",,,,,,,,,,,否
1269,“AI”治未病-SQL事前风险预测Agent,https://teko.woa.com/event/ai-agent/1269,https://console.cloud.tencent.com/tdai/experience-center/sqlChat/agentins-aj0lyokm?isExperienceCenter=true,CSIG-云产品一部,,andyypli,"cloudluo, ivansqwu, willqwang, clorislin, simonnyu, ashbrzeng, adadong, shawnxsun, jerseychen, ellytan",,,,,,,,,,,否
1270,党建助手,https://teko.woa.com/event/ai-agent/1270,https://hragent.woa.com/chat?botName=dangjianzhushou,S3-党群工作部,"S3-人力资源平台部,TEG-云架构平台部",sabrinacui,"jasparma, polohuang, aidorpeng, allanchen, bertzheng, essienlin, ikerzhang, ablegao",,,,,,,,,,,否
1271,灵析——财经智能告警助手,https://teko.woa.com/event/ai-agent/1271,https://fm-alert.woa.com/alert,S2-财经IT管理部,S2-财经IT管理部,vindentyang,"kevincai, kyleleeli, sagaliu, allanyu",,,,,,,,,,,否
1272,AIGC玩家共创：画出修仙道侣,https://teko.woa.com/event/ai-agent/1272,https://xxsd.qq.com/cp/a20250616creation/index_wx.html,IEG-国内发行线-V7产品部,TEG-大语言模型部,vanli,"darrenlin, isenli, stevenhan, yukizhou, zhenyizhou, v_linyuylin",,,,,,,,,,,否
1274,提示词生成智能体,https://teko.woa.com/event/ai-agent/1274,https://promptagent.woa.com/,S2-财经IT管理部,,ethanxwang,"hikowu, sunnyylyang, shizhao, kyleleeli, pengfeining, allanyu, yuandongzhu",,,,,,,,,,,否
1275,信用卡AI赋能用户运营服务项目,https://teko.woa.com/event/ai-agent/1275,信用卡AI应用体验指引,CDG-支付基础平台与金融应用线-支付应用产品部,CDG-支付基础平台与金融应用线-支付金融平台与数据部,hawkinghe,,,,,,,,,,,项目成员,否
1277,直播高光片段生成系统,https://teko.woa.com/event/ai-agent/1277,,WXG-视频产品部,"WXG-视频产品部,WXG-技术架构部",bookermu,"tankygao, paulhe, howiehan, eckolv, fengyunrao, darryruidai, yuxiaohu, juanjuansun, tyewang, maxwellxu, lyleleeli, raykoomei, logiczhang, jacobcai, jinboyan, wenzha, bokzhou, nealkhxu, vezorkong, ethanyi, shuohuang, plusli, dijiarong, hackerliang, eryuwang, dashuosliu",,,,,,,,,,体验链接,否
1279,CasePilot自动化测试,https://teko.woa.com/event/ai-agent/1279,CasePilot体验说明,WXG-企业微信应用部,,flyfeihuang,"dangyyan, donglinchen, lalisazhao, linkejin, luciouslu, pennypan, tousjin, ubinwei, jayjayli, linkyhuang, guanlunfang, sabinachen, mandyzhong, jackiehe",,,,,,,,,,,否
1280,技术风险大脑Agent,https://teko.woa.com/event/ai-agent/1280,https://iwiki.woa.com/p/4016418157,CDG-支付基础平台与金融应用线-支付平台研发部,,silonli,"pauluszhou, yanciliu, allenxqli",,,,,,,,,,,否
1282,AI智能化运营,https://teko.woa.com/event/ai-agent/1282,https://iwiki.woa.com/p/4016178069,CDG-可持续社会价值事业部-技术生态部,,wayrakiwei,"carlwhhuang, henrywwang, xiaoyuuyang, windlin, yikazhu",,,,,,,,,,,否
1284,自动化预测智能体,https://teko.woa.com/event/ai-agent/1284,http://auto-forecast.devcloud.woa.com,S2-财经IT管理部,S2-财经IT管理部,fabinliu,"hikowu, shizhao, sunnyylyang, ethanxwang, strangeli",90,"1、技术先进，集成了预测算法
2、完成度，缺乏指导书和实际案例分析",,http://auto-forecast.devcloud.woa.com/,,,,,,,否
1285,多代码平台AI CR,https://teko.woa.com/event/ai-agent/1285,多代码平台AI CR：破解多项目协作代码审查困局的智能引擎,CDG-可持续社会价值事业部-技术生态部,,henrywwang,"windlin, jefferwang, yikazhu, nichozhang",,,,,,,,,,,否
1286,AI 埋点自动化测试,https://teko.woa.com/event/ai-agent/1286,https://datong.woa.com/#/d/autoTest/case/pool?appId=z5EToxWw&menuN=AutoTest&tableType=1,PCG-PCG技术与内容平台-大数据平台部,,orfeocheng,"answerzhong, boristan, bryantmai, harlowli, kenwaychen, leonkyao, naikunwang, palinchen, v_bocbchen, zhenxichen",,,,,,,,,,,否
1288,Launch Canvas,https://teko.woa.com/event/ai-agent/1288,http://9.134.116.63:8000/,IEG-IEG Global-GaaS Tech Group,,lynntzhou,"xinxccheng, fennieyang, kiddwang, mengxingxu, mjalowiec, ninghanghu",,,,,,,,,,,否
1292,设计转前端代码提效工具,https://teko.woa.com/event/ai-agent/1292,test-d2c.woa.com,S2-财经IT管理部,S2-财经IT管理部,williamliao,"weizhang, pengswang, bensonlee, hnuwang, jqchang",,,,,,,,,,,否
1294,电商监管合规小助手,https://teko.woa.com/event/ai-agent/1294,电商监管合规小助手体验地址,S1-市场经营合规部,,alekzhu,"abbeyhuang, alinabai, bigheng, billxqli, carolpzhang, chunleitan, dietzfang, fermiliu, jeorgechen, olinaqiu, teeniedong, vinwen, webberzhong",,,,,,,,,,,否
1296,TXSQL智能诊断Agent,https://teko.woa.com/event/ai-agent/1296,https://mydbops-test.woa.com/next/instance/a9da354f-b6e9-11ef-8c34-08c0eb2cb60d?ClusterId=451&ClusterType=multiplenode_prod&tab=diagnostic,TEG-数据库研发部,,stanleewang,"belletang, jansenhu, lowenawang, paxonwang, yuxianjiang, sophiacai",,,,,,,,,,,否
1298,微信广告开发者AI服务助手,https://teko.woa.com/event/ai-agent/1298,,CDG-广告营销服务线-微信广告部,,zeliayang,"louiselv, adenzhang, banyadai, corkyliu, johnqyang, lunaazhang, zeliayang",,,,,,,,,,体验链接,否
1299,AI快看,https://teko.woa.com/event/ai-agent/1299,https://qbflow.html5.qq.com/qb-test/h5/ai-news-share/index.html?guideContent=%5B%223003093362935277957%22%2C%223984878077380841861%22%2C%225759296375039164805%22%2C%224417223687154708869%22%2C%224156014895616620933%22%2C%227587757821244230021%22%5D,CSIG-信息平台与服务线-搜索及内容产品中心,CSIG-信息平台与服务线-应用技术部,jaceyxue,"sendohchi, yanghaozhou, haozhexing, hughzhu, talbotniu, gengkaiyu, howieyhuang, peirongyan, alieyu, yannizhang, tofuxbchen, alexyqhuang, zivjqxiao, kaiminghu, youzhengtao, allsochen, shahmei, victorsong, taurusyu, hassonlin, stevetychen, weihangwu, zorozhou, hattiehe, kroszhu, nicholasxie, piersonzhou, reubenlei, ivanqu, cathyfyliu, sevenhtang, jellezjli, lucyji, tianyusong, liuyuehuang, catthyxu, iannjin, josiejychen, kayeqliu, maryyyli, meekbai, sisiguo, kiritoyang, evonehuang, qiqizeng, gamehuang, rooneysong",,,,,,,,,,,否
1300,审计报告智能体,https://teko.woa.com/event/ai-agent/1300,https://faudit.woa.com/audit,S2-财经IT管理部,,hikowu,"sunnyylyang, shizhao, tinarhuang, yuandongzhu, albanchen, lorcanzhang, kyleleeli, pengfeining, allanyu, henderyhuo, charlieyfli",,,,,,,,,,,否
1302,AI4Test,https://teko.woa.com/event/ai-agent/1302,https://git.woa.com/cj-test/AI4Test,S2-财经IT管理部,,ronniewang,[],,,,,,,,,,,否
1303,视频号自动生产CGI测试用例,https://teko.woa.com/event/ai-agent/1303,视频号自动生产CGI测试用例,WXG-视频产品部,WXG-技术架构部,bigheadzhou,"tommytang, bokzhou, clarkyao, rainylei, biteryli, amyzhuang, frankxia, apache, kairrylin, summerxie, guangyaoxu, kevinxhxu, kevintzqiu, mercijin, v_wdzeng",,,,,,,,,,,否
1305,QQ群聊消息AI总结,https://teko.woa.com/event/ai-agent/1305,QQ群聊AI总结体验方式说明,PCG-社交平台与应用线-AI应用产品中心,"CSIG-元宝产品部,PCG-社交平台与应用线-社交平台产品部",zhanyixiao,"adacyang, alanpfhu, andrewychen, annayalin, aritaqin, asulewang, birdhua, colinjiang, dflyfang, dorajwang, eddyhe, eleenali, farisfeng, foxezhu, garycao, harperxu, hongyuewang, hwzhzhang, jameszhou, janetpwang, jasonbwwu, jeannewoo, jerkoffliu, jianjzheng, jimzang, junweidai, kailisun, kenaiyu, kevinlong, lairdchen, liqiangliu, louiechen, magilu, mambaxie, markcsjiang, mingweiding, neilzrzhang, nitezhang, pigeonliu, quintqi, rachelsong, rachelyyu, raymonddeng, raymrshen, riojdai, rogersxiao, rovenzhang, shassha, shirlyzhao, siminyin, sivinli, summercheng, superxiao, taekhamxue, teasqlin, trentinchen, walli, wenzeyang, yohanwu, yominyan, youbinghe, yuchiyao, yukixxwang, zenxu, zhiweisu, zhongbeitan, zorazwang, zhanyixiao",,,,,,,,,,,否
1306,AI辅助DB性能调优,https://teko.woa.com/event/ai-agent/1306,https://zhiyan.woa.com/operate/19106/task/#/task/result/38922,S2-财经IT管理部,,kevincai,derekxiang,,,,,,,,,,,否
1307,AI叮当旅行管家Agent,https://teko.woa.com/event/ai-agent/1307,,CSIG-地图产品部,"CSIG-地图平台部,CSIG-CSIG质量部",louispeng,"kentezeng, kevinxu, finali, jiayinzhang, peishizhang, edenytjiang, millieli, pippoli, cicelycheng, kentgao, xunxunwang, bondma, cokeywei, jeffrren, kingjwwang, kunwkwang, lionzzhou, alanxwshen, torresyang, timothydeng, xueqiyang, willhao, abqiu, dcdong, jizhehu, mengyichen, frenchren, weikzhu, cheukyinye, codeyin, cszhenzhang, ellaahe, haohaochen, jeffreychen, jeffriechen, jobimzhou, julianwu, rachellpqiu, yunshanwang, hongshengwu, diyingli, junzhilu, cherrytu, gretyang, wulinsong, lindawlwang, wanqiucai, yuxuanjin, yanfeiwang, clintyang",,,,,,,,,,体验链接,否
1309,客成通,https://teko.woa.com/event/ai-agent/1309,https://work.weixin.qq.com/wework_admin/common/openBotProfile/2446466385a95842e1a66f6fe6c1963b49,CSIG-安全产品三部,CSIG-安全产品三部,juliajhzhu,"timothyhu, gannonwang, paipppeng, xiaohangyu, allenwwwang, v_wyxwu",20,"1、成熟度不足，企微bot能力，回答问题不精准后缺乏调优手段
2、主要技术：企微bot+腾讯文档+iwiki",企微bot,,,,,,,,否
1312,腾讯公益数据需求智能助手,https://teko.woa.com/event/ai-agent/1312,,CDG-可持续社会价值事业部-公益平台部,,wangyangyu,"masonhyli, ekkoychen, dorislan, lianawu",,,,,,,,,,体验链接,否
1313,Midas问题异常分析,https://teko.woa.com/event/ai-agent/1313,https://hunyuanaide.taiji.woa.com/web/match_tryModel?id=19905,TEG-计费平台部,,zekizheng,,40,缺乏使用指导，不知道怎么用,,,,,,,,项目成员,否
1314,qt4s测试代码智能生成,https://teko.woa.com/event/ai-agent/1314,,TEG-计费平台部,,congzeng,,,,,,,,,,,"体验链接, 项目成员",否
1316,AMS Data Agent,https://teko.woa.com/event/ai-agent/1316,https://data-ams.testsite.woa.com/security/,CDG-广告营销服务线-商业数据部,CDG-广告营销服务线-商业数据部,kidlv,"yannisyang, monkeychai, yanfeizhao, ethanytzhou, miyoliu, jiapengdu, peiyunnie, hanruiliu, lynnzlli, spritesun, yanuofu, sunnyyyyang, steveywwu, jennyfeng",,,,,,,,,,,否
1320,数据中心事件AI转单及诊断,https://teko.woa.com/event/ai-agent/1320,https://dcops.woa.com/operateManage/basOperateManage/eventDetails?Id=20251013028090&selfId=E202510130571,TEG-IDC平台部,,keketan,"solwang, kimiluo, johnsenwang, alongeruan, kerwinzlin, philyuliu, henleyxiao, jiaqiliang",,,,,,,,,,,否
1324,腾讯文档AI救命文档智能体,https://teko.woa.com/event/ai-agent/1324,https://docs.qq.com/ai/view/taifeng,PCG-社交平台与应用线-社交协作产品部,,melodizhang,"xiaosun, ponnyma, stevenyzliu, leoricxu, lookchen, tensorchen, johnnydai",,,,,,,,,,,否
1327,Midas商城内容生成助手,https://teko.woa.com/event/ai-agent/1327,,TEG-计费平台部,,justinchen,"natelin, tankouyang, juicejiang, cowliu, chengpzhang, ironmin, graceyqgao, yihandong, lisahuiwang, lorneli, zoelin, lufywang",,,,,,,,,,体验链接,否
1329,活动运营风险检测,https://teko.woa.com/event/ai-agent/1329,,S2-风险管理和内部控制,,shaoyouwang,"irisyhliao, joyceyi, bovineniu, derrickdai, haoxiang",,,,,,,,,,体验链接,否
1331,起名专家,https://teko.woa.com/event/ai-agent/1331,,CSIG-政企客户成功中心,,xiaochenfan,"cathypiao, chuihuang",,,,,,,,,,体验链接,否
1332,云API AI助手,https://teko.woa.com/event/ai-agent/1332,,CSIG-云产品一部,CSIG-云产品四部,frankiefu,"loganmao, joewliu",,,,,,,,,,体验链接,否
1333,网络建设智能助手,https://teko.woa.com/event/ai-agent/1333,https://iwiki.woa.com/p/4016428231,TEG-网络平台部,,xinhaichen,"lallaluo, lewenyu, liangzaiwei, hgt, fuwang, ankerchen, eliozhang, jagerzhang",,,,,,,,,,,否
1335,IT运维智能服务台,https://teko.woa.com/event/ai-agent/1335,,CSIG-智慧出行事业部,,adrianltli,"xueyuanzong, easonqiu, congkunzhu, cedricfu, judyni, irisxxzhao",,,,,,,,,,体验链接,否
1336,123,https://teko.woa.com/event/ai-agent/1336,,IEG-效能产品部,,kareyzhou,,,,,,,,,,,"体验链接, 项目成员",否
1337,千万级3D资产库AI搜索方案,https://teko.woa.com/event/ai-agent/1337,,IEG-效能产品部,,codchen,"chengge, qsliu, jingxiangli, anguszhang, vanliao, cinnywu, jinmianye, yilingzhang, tobyzhzhang",,,,,,,,,,体验链接,否
1338,智能检查服务-你的资产治理助手,https://teko.woa.com/event/ai-agent/1338,,PCG-PCG技术与内容平台-工程效能平台部,,rhinoliu,,,,,,,,,,,"体验链接, 项目成员",否
1339,AI埋点设计,https://teko.woa.com/event/ai-agent/1339,,PCG-PCG技术与内容平台-大数据平台部,"PCG-PCG技术与内容平台-大数据平台部,PCG-在线视频BU-在线视频数据科学部",rachelning,"tristacchen, answerzhong, bryantmai, harlowli, luyuanzhang, kenwaychen, hunterkong, naikunwang, orfeocheng, harryyfhu, boristan, zhenxichen, palinchen, higgsli",,,,,,,,,,体验链接,否
1341,扣叮慧读,https://teko.woa.com/event/ai-agent/1341,,IEG-用户平台部,,shuozhishen,"maskzhang, ronweihao, toludou, allange, pavelyang, toviyyahxu, billybliu, corallsliu, alickwang",,,,,,,,,,体验链接,否
1342,元梦活动助手,https://teko.woa.com/event/ai-agent/1342,,"TEG-研发管理部,IEG-天美工作室群-天美T1工作室",,haifangwang,"rickiewang, murrayli, jarvisli, matrixguo",,,,,,,,,,体验链接,否
1343,美观度评测助手,https://teko.woa.com/event/ai-agent/1343,,TEG-计费平台部,,yuccakuang,,,,,,,,,,,"体验链接, 项目成员",否
1345,公益项目进展分析报告生成智能体,https://teko.woa.com/event/ai-agent/1345,,CDG-可持续社会价值事业部-公益平台部,,jayefeng,"masonhyli, lianawu, dorislan, chaisxiao, wangyangyu",,,,,,,,,,体验链接,否
1346,midas经营分析问答助手,https://teko.woa.com/event/ai-agent/1346,,TEG-计费平台部,,justinchen,,,,,,,,,,,"体验链接, 项目成员",否
1349,生产风险AI定位,https://teko.woa.com/event/ai-agent/1349,,CDG-支付基础平台与金融应用线-平台产品技术部,,alinaqzhang,,,,,,,,,,,"体验链接, 项目成员",否
1352,GhostUnit,https://teko.woa.com/event/ai-agent/1352,,CSIG-CSIG质量部,,andrewjiang,,,,,,,,,,,"体验链接, 项目成员",否
1355,资金中台运营小助手-证账实智能,https://teko.woa.com/event/ai-agent/1355,,CDG-支付基础平台与金融应用线-平台产品技术部,,arnoldcheng,,,,,,,,,,,"体验链接, 项目成员",否
1362,基于多Agent协同的安全分析,https://teko.woa.com/event/ai-agent/1362,,CDG-支付基础平台与金融应用线-平台产品技术部,,ericyhe,,,,,,,,,,,"体验链接, 项目成员",否
1364,代码覆盖率MCP,https://teko.woa.com/event/ai-agent/1364,,CSIG-CSIG质量部,,andrewjiang,,,,,,,,,,,"体验链接, 项目成员",否
1365,DBA永不眠,https://teko.woa.com/event/ai-agent/1365,,CDG-支付基础平台与金融应用线-平台产品技术部,,williamlai,,,,,,,,,,,"体验链接, 项目成员",否
1369,跨境业务研发智能运维,https://teko.woa.com/event/ai-agent/1369,,CDG-支付基础平台与金融应用线-跨境支付业务部,,leoyhwei,,,,,,,,,,,"体验链接, 项目成员",否
1371,MRR专家访谈AI助手-小玄,https://teko.woa.com/event/ai-agent/1371,,"CDG-战略发展部,TEG-企业IT部",,carenli,,,,,,,,,,,"体验链接, 项目成员",否
1374,游戏版号助手,https://teko.woa.com/event/ai-agent/1374,,S1-IEG公共事务部,,samuelsrhe,,,,,,,,,,,"体验链接, 项目成员",否
1375,跨境商户智能助手,https://teko.woa.com/event/ai-agent/1375,,CDG-支付基础平台与金融应用线-跨境支付业务部,,callawang,,,,,,,,,,,"体验链接, 项目成员",否
1380,C++转Java批跑AI自动化,https://teko.woa.com/event/ai-agent/1380,,CDG-支付基础平台与金融应用线-跨境支付业务部,,luyungyu,,,,,,,,,,,"体验链接, 项目成员",否
1383,跨境汇款通用代码编写智能体,https://teko.woa.com/event/ai-agent/1383,,CDG-支付基础平台与金融应用线-跨境支付业务部,,yuutingwang,,,,,,,,,,,"体验链接, 项目成员",否
1385,微信支付境外商户海报Agent,https://teko.woa.com/event/ai-agent/1385,,CSIG-信息平台与服务线-用户体验设计部,,samjinli,,,,,,,,,,,"体验链接, 项目成员",否
1387,A/Brain-广告实验大模型,https://teko.woa.com/event/ai-agent/1387,,CDG-广告营销服务线-商业数据部,,hanbinwang,,,,,,,,,,,"体验链接, 项目成员",否
1388,AI辅助测试用例生成,https://teko.woa.com/event/ai-agent/1388,,CDG-支付基础平台与金融应用线-跨境支付业务部,,yulongbai,,,,,,,,,,,"体验链接, 项目成员",否
1390,RCM智能生成Agent,https://teko.woa.com/event/ai-agent/1390,,S2-风险管理和内部控制,,jasonxxxliu,,,,,,,,,,,"体验链接, 项目成员",否
1391,腾讯公益研发助手,https://teko.woa.com/event/ai-agent/1391,,CDG-可持续社会价值事业部-公益平台部,,dingyuan,,,,,,,,,,,"体验链接, 项目成员",否
1392,多模态AI驱动UI自动化测试,https://teko.woa.com/event/ai-agent/1392,,CDG-支付基础平台与金融应用线-平台产品技术部,,willyu,,,,,,,,,,,"体验链接, 项目成员",否
1393,跨境汇款研发智能助手,https://teko.woa.com/event/ai-agent/1393,,CDG-支付基础平台与金融应用线-跨境支付业务部,,luyungyu,,,,,,,,,,,"体验链接, 项目成员",否
1395,云原生中心AISE Agent,https://teko.woa.com/event/ai-agent/1395,,CSIG-云产品一部,,raylhuang,,,,,,,,,,,"体验链接, 项目成员",否
1396,腾讯新闻用户反馈智能诊断助手,https://teko.woa.com/event/ai-agent/1396,,PCG-腾讯新闻-新闻工程研发部,,xiaobaguo,,,,,,,,,,,"体验链接, 项目成员",否
1397,无障碍公益智能体集群,https://teko.woa.com/event/ai-agent/1397,,CDG-可持续社会价值事业部-技术生态部,,auguszhu,,,,,,,,,,,"体验链接, 项目成员",否
1398,FiT 云平台AI助手,https://teko.woa.com/event/ai-agent/1398,,CDG-支付基础平台与金融应用线-平台产品技术部,,franklzhang,,,,,,,,,,,"体验链接, 项目成员",否
1400,POI生产智能体,https://teko.woa.com/event/ai-agent/1400,,CSIG-地图平台部,,ervinyue,,,,,,,,,,,"体验链接, 项目成员",否
1401,企业微信智能服务总结,https://teko.woa.com/event/ai-agent/1401,,WXG-企业微信产品部,,xuekaili,,,,,,,,,,,"体验链接, 项目成员",否
1402,腾讯文档智能表格 AI 应用,https://teko.woa.com/event/ai-agent/1402,,PCG-社交平台与应用线-社交协作产品部,,nyadai,,,,,,,,,,,"体验链接, 项目成员",否
1403,代码异常定位助手,https://teko.woa.com/event/ai-agent/1403,,TEG-网络平台部,,liangzaiwei,,,,,,,,,,,"体验链接, 项目成员",否
1404,FiT_Helper提效助手,https://teko.woa.com/event/ai-agent/1404,http://21.91.243.242:7862/,CDG-支付基础平台与金融应用线-平台产品技术部,,cherryqian,"mingyangan, gatsbyxu, alfredyyang",,,,,,,,,,,否
1405,用户之声,https://teko.woa.com/event/ai-agent/1405,https://tad.woa.com/voc/,CDG-广告营销服务线-广告营销设计中心,,yettazhou,"dovechen, yilanghe, lacqlu, yanlinggao, donringyang, yanqinghu, arryliu, chihyunli, wesliang, charlieyin, danayang, queenzhou, renqiangxie, yijiejiang, tooyangliu, lishuyuan",,,,,,,,,,,否
1408,CDN接入领域SRE智能体,https://teko.woa.com/event/ai-agent/1408,https://chatinsight.woa.com/#/chat/chatView,TEG-云架构平台部,TEG-云架构平台部,yikunhong,"samglin, seazhou, jetzuo, abnerxwang, adelinwang, davidsondai, dengyideng, edenzeng, lesterxia, lucaslluo, tenerozhou",,,,,,,,,,,否
1410,FiT_Helper深度搜索,https://teko.woa.com/event/ai-agent/1410,,CDG-支付基础平台与金融应用线-平台产品技术部,CDG-支付基础平台与金融应用线-平台产品技术部,gatsbyxu,"mingyangan, cherryqian",,,,,,,,,,体验链接,否
1411,dlc udf迁移助手,https://teko.woa.com/event/ai-agent/1411,,CSIG-政企客户成功中心,,chopperxu,,,,,,,,,,,"体验链接, 项目成员",否
1412,工蜂AI CR赋能元梦之星提效,https://teko.woa.com/event/ai-agent/1412,体验链接,"TEG-研发管理部,IEG-天美工作室群-天美T1工作室",,mansizeng,"silviasun, garybhwang, bornesong, carlcyang, jingyiwang, karynchen, kimzliang, longdawang, peiowang, rhainliu, samhong, v_yegliu, yatorozhang, zwingzheng, jarvisli, murrayli, lffliu, wenjunfan",,,,,,,,,,,否
1413,公益项目AI评审,https://teko.woa.com/event/ai-agent/1413,https://hunyuanaide.taiji.woa.com/web/match_tryModel?id=9450,CDG-可持续社会价值事业部-公益平台部,CDG-可持续社会价值事业部-基金会支持组,chaisxiao,seanxzzhang,,,,,,,,,,,否
